Distributor,BrandName,Type,Price,BottleVolume,Description
Granqvist Beverage House AB,Rhum Selection Barbados,Dark rum,30.83,512,Rhum Selection Barbados is the name of a brand of dark rum distributed by Granqvist Beverage House AB. Bottles have a volume of 512 ml. The retail price is $30.83.
Granqvist Beverage House AB,Rhum Selection Guatemala,Dark rum,30.83,500,Rhum Selection Guatemala is the name of a brand of dark rum distributed by Granqvist Beverage House AB. Bottles have a volume of 500 ml. The retail price is $30.83.
Granqvist Beverage House AB,Rhum Selection Trinidad,Dark rum,30.83,500,Rhum Selection Trinidad is the name of a brand of dark rum distributed by Granqvist Beverage House AB. Bottles have a volume of 500 ml. The retail price is $30.83.
Granqvist Beverage House AB,Rhum Selection Paraguay,Dark rum,33.28,500,Rhum Selection Paraguay is the name of a brand of dark rum distributed by Granqvist Beverage House AB. Bottles have a volume of 500 ml. The retail price is $33.28.
Granqvist Beverage House AB,Rhum Selection Belize,Dark rum,33.28,500,Rhum Selection Belize is the name of a brand of dark rum distributed by Granqvist Beverage House AB. Bottles have a volume of 500 ml. The retail price is $33.28.
Oliver & Oliver,Cubaney Exquisito 21 Years,Dark rum,44.39,700,Cubaney Exquisito 21 Years is the name of a brand of dark rum distributed by Oliver & Oliver. Bottles have a volume of 700 ml. The retail price is $44.39.
Oliver & Oliver,Cubaney Estupendo 15 Years,Dark rum,35.5,700,Cubaney Estupendo 15 Years is the name of a brand of dark rum distributed by Oliver & Oliver. Bottles have a volume of 700 ml. The retail price is $35.5.
Oliver & Oliver,Ophyum 23 Years,Dark rum,63.61,700,Ophyum 23 Years is the name of a brand of dark rum distributed by Oliver & Oliver. Bottles have a volume of 700 ml. The retail price is $63.61.
Litchquor Ltd,Gold of Mauritius,Dark rum,29.39,700,Gold of Mauritius is the name of a brand of dark rum distributed by Litchquor Ltd. Bottles have a volume of 700 ml. The retail price is $29.39.
Litchquor Ltd,Gold of Mauritius Solera 5,Dark rum,32.17,799,Gold of Mauritius Solera 5 is the name of a brand of dark rum distributed by Litchquor Ltd. Bottles have a volume of 799 ml. The retail price is $32.17.
Litchquor Ltd,Club Mauritius Rum,Dark rum,25.0,700,Club Mauritius Rum is the name of a brand of dark rum distributed by Litchquor Ltd. Bottles have a volume of 700 ml. The retail price is $25.0.
Destilerías Aldea,Ron Aldea Familia,Dark rum,38.83,700,Ron Aldea Familia is the name of a brand of dark rum distributed by Destilerías Aldea. Bottles have a volume of 700 ml. The retail price is $38.83.
1423,Ron Esclavo Solera XO Cask,Dark rum,43.83,500,Ron Esclavo Solera XO Cask is the name of a brand of dark rum distributed by 1423. Bottles have a volume of 500 ml. The retail price is $43.83.
LMDW / Bielle Distillery,Bielle Ambré,Dark rum,34.94,500,Bielle Ambré is the name of a brand of dark rum distributed by LMDW / Bielle Distillery. Bottles have a volume of 500 ml. The retail price is $34.94.
LMDW / Bielle Distillery,Bielle Vintage Rhum Vieux Agricole,Dark rum,46.61,500,Bielle Vintage Rhum Vieux Agricole is the name of a brand of dark rum distributed by LMDW / Bielle Distillery. Bottles have a volume of 500 ml. The retail price is $46.61.
LMDW / Neisson Distillery,Neisson Batch 2,Dark rum,210.89,700,Neisson Batch 2 is the name of a brand of dark rum distributed by LMDW / Neisson Distillery. Bottles have a volume of 700 ml. The retail price is $210.89.
LMDW / Neisson Distillery,Neisson XO par Neisson,Dark rum,61.0,700,Neisson XO par Neisson is the name of a brand of dark rum distributed by LMDW / Neisson Distillery. Bottles have a volume of 700 ml. The retail price is $61.0.
LMDW / Domaine Poisson,Pere Labat Rhum Extra Vieux Agricole De Marie Galant,Dark rum,80.5,700,Pere Labat Rhum Extra Vieux Agricole De Marie Galant is the name of a brand of dark rum distributed by LMDW / Domaine Poisson. Bottles have a volume of 700 ml. The retail price is $80.5.
LMDW / Domaine Poisson,Pere Labat 59,Light rum,32.11,700,Pere Labat 59 is the name of a brand of light rum distributed by LMDW / Domaine Poisson. Bottles have a volume of 700 ml. The retail price is $32.11.
LMDW / Domaine Poisson,Pere Labat Dore Rhum Agricole,Dark rum,37.72,700,Pere Labat Dore Rhum Agricole is the name of a brand of dark rum distributed by LMDW / Domaine Poisson. Bottles have a volume of 700 ml. The retail price is $37.72.
LMDW / Domaine Poisson,Pere Labat Soleil Rhum Brun Agricole de Marie-Galante,Dark rum,36.0,700,Pere Labat Soleil Rhum Brun Agricole de Marie-Galante is the name of a brand of dark rum distributed by LMDW / Domaine Poisson. Bottles have a volume of 700 ml. The retail price is $36.0.
LMDW / Neisson Distillery,Neisson Le Rhum Agricole Vieux par Neisson,Dark rum,44.28,700,Neisson Le Rhum Agricole Vieux par Neisson is the name of a brand of dark rum distributed by LMDW / Neisson Distillery. Bottles have a volume of 700 ml. The retail price is $44.28.
Bodegas de America,Malecon Gran Reserva 8 Años,Dark rum,28.78,700,Malecon Gran Reserva 8 Años is the name of a brand of dark rum distributed by Bodegas de America. Bottles have a volume of 700 ml. The retail price is $28.78.
Bodegas de America,Malecon Reserva Superior 15 Ãnos,Dark rum,39.94,700,Malecon Reserva Superior 15 Ãnos is the name of a brand of dark rum distributed by Bodegas de America. Bottles have a volume of 700 ml. The retail price is $39.94.
Licores Veracruz,Mocambo 10 Solera Edition Aniversario,Dark rum,32.72,700,Mocambo 10 Solera Edition Aniversario is the name of a brand of dark rum distributed by Licores Veracruz. Bottles have a volume of 700 ml. The retail price is $32.72.
Slaur SAS,Mangoustan's Carte Gris,Dark rum,24.39,700,Mangoustan's Carte Gris is the name of a brand of dark rum distributed by Slaur SAS. Bottles have a volume of 700 ml. The retail price is $24.39.
Edition Spirits,Uitvlugt Kill Devil Single Cask Rum 17 Years,Dark rum,68.78,700,Uitvlugt Kill Devil Single Cask Rum 17 Years is the name of a brand of dark rum distributed by Edition Spirits. Bottles have a volume of 700 ml. The retail price is $68.78.
Industria Licorera Quezalteca,Botran Sistema 15 Solera Reserva,Dark rum,22.17,700,Botran Sistema 15 Solera Reserva is the name of a brand of dark rum distributed by Industria Licorera Quezalteca. Bottles have a volume of 700 ml. The retail price is $22.17.
Destilerías Aldea,Ron Aldea Tradicion,Dark rum,48.83,700,Ron Aldea Tradicion is the name of a brand of dark rum distributed by Destilerías Aldea. Bottles have a volume of 700 ml. The retail price is $48.83.
Enjoy Wine & Spirits,The Brand New Republique Mango,Flavored rum,12.5,700,The Brand New Republique Mango is the name of a brand of Flavored rum distributed by Enjoy Wine & Spirits. Bottles have a volume of 700 ml. The retail price is $12.5.
Facile & Co,Noble Selected Caribbean Rum,Light rum,14.94,700,Noble Selected Caribbean Rum is the name of a brand of light rum distributed by Facile & Co. Bottles have a volume of 700 ml. The retail price is $14.94.
Licores Veracruz,Mocambo Single Barrel 15 Years,Dark rum,32.11,500,Mocambo Single Barrel 15 Years is the name of a brand of dark rum distributed by Licores Veracruz. Bottles have a volume of 500 ml. The retail price is $32.11.
Havana Club International,Havana Club Union,Dark rum,163.89,700,Havana Club Union is the name of a brand of dark rum distributed by Havana Club International. Bottles have a volume of 700 ml. The retail price is $163.89.
H Clément,Clément Très Vieux Rhum Agricole 10 Years,Dark rum,38.83,700,Clément Très Vieux Rhum Agricole 10 Years is the name of a brand of dark rum distributed by H Clément. Bottles have a volume of 700 ml. The retail price is $38.83.
H Clément,Clément Single Cask Vanille Intense Tres Vieux Rhum Agricole,Dark rum,32.17,500,Clément Single Cask Vanille Intense Tres Vieux Rhum Agricole is the name of a brand of dark rum distributed by H Clément. Bottles have a volume of 500 ml. The retail price is $32.17.
Oliver & Oliver International Inc,Ron Quorhum Aniversario 30 Years,Dark rum,52.72,700,Ron Quorhum Aniversario 30 Years is the name of a brand of dark rum distributed by Oliver & Oliver International Inc. Bottles have a volume of 700 ml. The retail price is $52.72.
Oliver & Oliver International Inc,Ron Quorhum Años Solera 15 Years,Dark rum,32.17,700,Ron Quorhum Años Solera 15 Years is the name of a brand of dark rum distributed by Oliver & Oliver International Inc. Bottles have a volume of 700 ml. The retail price is $32.17.
Oliver & Oliver International Inc,Ron Quorhum Años Solera 12 Years,Dark rum,26.61,700,Ron Quorhum Años Solera 12 Years is the name of a brand of dark rum distributed by Oliver & Oliver International Inc. Bottles have a volume of 700 ml. The retail price is $26.61.
H Clément,Clément Select Barrel Rhum Agricole,Dark rum,24.94,700,Clément Select Barrel Rhum Agricole is the name of a brand of dark rum distributed by H Clément. Bottles have a volume of 700 ml. The retail price is $24.94.
Enjoy Wine & Spirits,The Brand New Republique Gran Añejo 3 años,Dark rum,13.28,700,The Brand New Republique Gran Añejo 3 años is the name of a brand of dark rum distributed by Enjoy Wine & Spirits. Bottles have a volume of 700 ml. The retail price is $13.28.
Bacardi,Bacardi Pineapple,Flavored rum,13.11,700,Bacardi Pineapple is the name of a brand of Flavored rum distributed by Bacardi. Bottles have a volume of 700 ml. The retail price is $13.11.
Bodegas América,Zafra Ron Master Reserve 21 Years,Dark rum,49.94,700,Zafra Ron Master Reserve 21 Years is the name of a brand of dark rum distributed by Bodegas América. Bottles have a volume of 700 ml. The retail price is $49.94.
Trigo Corporation,Trigo Reserva Aneja,Dark rum,38.72,700,Trigo Reserva Aneja is the name of a brand of dark rum distributed by Trigo Corporation. Bottles have a volume of 700 ml. The retail price is $38.72.
Antigua Distillery Ltd,English Harbour Reserve 10 Years,Dark rum,38.72,700,English Harbour Reserve 10 Years is the name of a brand of dark rum distributed by Antigua Distillery Ltd. Bottles have a volume of 700 ml. The retail price is $38.72.
Antigua Distillery Ltd,English Harbour 5 Years,Dark rum,22.11,700,English Harbour 5 Years is the name of a brand of dark rum distributed by Antigua Distillery Ltd. Bottles have a volume of 700 ml. The retail price is $22.11.
The Island Rum Company AS,Black Tears Spiced Cuban Rum,Spiced rum,10.5,700,Black Tears Spiced Cuban Rum is the name of a brand of spiced rum distributed by The Island Rum Company AS. Bottles have a volume of 700 ml. The retail price is $10.5.
Oliver & Oliver International,Cubaney Tesoro Gran Reserva 25 Years,Dark rum,55.28,700,Cubaney Tesoro Gran Reserva 25 Years is the name of a brand of dark rum distributed by Oliver & Oliver International. Bottles have a volume of 700 ml. The retail price is $55.28.
Phantom Spirits ApS,Phantom Spirits Mikkeller Beer Geek Vanilla Shake Cask 4 Years,Dark rum,21.78,500,Phantom Spirits Mikkeller Beer Geek Vanilla Shake Cask 4 Years is the name of a brand of dark rum distributed by Phantom Spirits ApS. Bottles have a volume of 500 ml. The retail price is $21.78.
AB Svenska Sprit TBH,AB Svenska Sprit Rom Blank,Light rum,16.61,500,AB Svenska Sprit Rom Blank is the name of a brand of light rum distributed by AB Svenska Sprit TBH. Bottles have a volume of 500 ml. The retail price is $16.61.
La Martiniquaise,J Bally 7 ans Pyramide,Dark rum,27.72,700,J Bally 7 ans Pyramide is the name of a brand of dark rum distributed by La Martiniquaise. Bottles have a volume of 700 ml. The retail price is $27.72.
Distillerie Bielle,Rhum Bielle Blanc,Light rum,25.06,500,Rhum Bielle Blanc is the name of a brand of light rum distributed by Distillerie Bielle. Bottles have a volume of 500 ml. The retail price is $25.06.
Distillerie Bielle,Rhum Bielle 40th Anniversary,Dark rum,71.67,700,Rhum Bielle 40th Anniversary is the name of a brand of dark rum distributed by Distillerie Bielle. Bottles have a volume of 700 ml. The retail price is $71.67.
Distillerie Bielle,Rhum Bielle Small Batch,Dark rum,136.89,700,Rhum Bielle Small Batch is the name of a brand of dark rum distributed by Distillerie Bielle. Bottles have a volume of 700 ml. The retail price is $136.89.
LMDW / Velier S.p.A,Port Mourant White,Light rum,45.39,700,Port Mourant White is the name of a brand of light rum distributed by LMDW / Velier S.p.A. Bottles have a volume of 700 ml. The retail price is $45.39.
LMDW / Velier S.p.A,Marie Galante Muller White,Light rum,46.0,700,Marie Galante Muller White is the name of a brand of light rum distributed by LMDW / Velier S.p.A. Bottles have a volume of 700 ml. The retail price is $46.0.
Edition Spirits,Guatemala Kill Devil 8 Years,Dark rum,43.17,700,Guatemala Kill Devil 8 Years is the name of a brand of dark rum distributed by Edition Spirits. Bottles have a volume of 700 ml. The retail price is $43.17.
Edition Spirits,Trinidad Kill Devil 24 Years,Dark rum,100.94,700,Trinidad Kill Devil 24 Years is the name of a brand of dark rum distributed by Edition Spirits. Bottles have a volume of 700 ml. The retail price is $100.94.
Granqvist Beverage House AB,Rhum Extra Premium Selection 24 years,Dark rum,94.39,500,Rhum Extra Premium Selection 24 years is the name of a brand of dark rum distributed by Granqvist Beverage House AB. Bottles have a volume of 500 ml. The retail price is $94.39.
Granqvist Beverage House AB,Rhum Extra Premium Selection 10 years,Dark rum,41.06,500,Rhum Extra Premium Selection 10 years is the name of a brand of dark rum distributed by Granqvist Beverage House AB. Bottles have a volume of 500 ml. The retail price is $41.06.
Granqvist Beverage House AB,Rhum Extra Premium Selection 15 Years,Dark rum,44.39,500,Rhum Extra Premium Selection 15 Years is the name of a brand of dark rum distributed by Granqvist Beverage House AB. Bottles have a volume of 500 ml. The retail price is $44.39.
Granqvist Beverage House AB,Rhum Extra Premium Selection 11 Years,Dark rum,41.61,500,Rhum Extra Premium Selection 11 Years is the name of a brand of dark rum distributed by Granqvist Beverage House AB. Bottles have a volume of 500 ml. The retail price is $41.61.
Granqvist Beverage House AB,Rhum Extra Premium Selection 12 Years,Dark rum,38.83,500,Rhum Extra Premium Selection 12 Years is the name of a brand of dark rum distributed by Granqvist Beverage House AB. Bottles have a volume of 500 ml. The retail price is $38.83.
Granqvist Beverage House AB,Rhum Extra Premium Selection 11 Years,Dark rum,43.28,500,Rhum Extra Premium Selection 11 Years is the name of a brand of dark rum distributed by Granqvist Beverage House AB. Bottles have a volume of 500 ml. The retail price is $43.28.
Destilerías Unidas,Diplomático Reserva Exclusiva,Dark rum,34.72,600,Diplomático Reserva Exclusiva is the name of a brand of dark rum distributed by Destilerías Unidas. Bottles have a volume of 600 ml. The retail price is $34.72.
Angostura,1787 Angostura 15 Years,Dark rum,43.94,700,1787 Angostura 15 Years is the name of a brand of dark rum distributed by Angostura. Bottles have a volume of 700 ml. The retail price is $43.94.
Havana Club International,Havana Club Añejo 7 años,Dark rum,15.22,700,Havana Club Añejo 7 años is the name of a brand of dark rum distributed by Havana Club International. Bottles have a volume of 700 ml. The retail price is $15.22.
Destilerías Aldea,Ron Aldea Maestro,Dark rum,30.5,700,Ron Aldea Maestro is the name of a brand of dark rum distributed by Destilerías Aldea. Bottles have a volume of 700 ml. The retail price is $30.5.
Bristol Spirits,Bristol Classic Rum Port Morant Demerara 16 Years,Dark rum,76.61,700,Bristol Classic Rum Port Morant Demerara 16 Years is the name of a brand of dark rum distributed by Bristol Spirits. Bottles have a volume of 700 ml. The retail price is $76.61.
La Case des Saveurs/LWdM,Rhum Vieux Contrebandei,Dark rum,38.72,700,Rhum Vieux Contrebandei is the name of a brand of dark rum distributed by La Case des Saveurs/LWdM. Bottles have a volume of 700 ml. The retail price is $38.72.
Facile & Co,Noble Selected Caribbean Rum,Dark rum,19.39,700,Noble Selected Caribbean Rum is the name of a brand of dark rum distributed by Facile & Co. Bottles have a volume of 700 ml. The retail price is $19.39.
Diageo Plc,Zacapa Edicion Negra,Dark rum,41.61,700,Zacapa Edicion Negra is the name of a brand of dark rum distributed by Diageo Plc. Bottles have a volume of 700 ml. The retail price is $41.61.
Sebastian Stroh,Stroh 60%,Dark rum,16.61,500,Stroh 60% is the name of a brand of dark rum distributed by Sebastian Stroh. Bottles have a volume of 500 ml. The retail price is $16.61.
Sebastian Stroh,Stroh 40%,Dark rum,13.83,500,Stroh 40% is the name of a brand of dark rum distributed by Sebastian Stroh. Bottles have a volume of 500 ml. The retail price is $13.83.
SEBASTIAN STROH GESMBH,STROH 80,Dark rum,19.39,500,STROH 80 is the name of a brand of dark rum distributed by SEBASTIAN STROH GESMBH. Bottles have a volume of 500 ml. The retail price is $19.39.
Haromex Development GmbH,Cavalier Antigua White,Light rum,25.44,1000,Cavalier Antigua White is the name of a brand of light rum distributed by Haromex Development GmbH. Bottles have a volume of 1000 ml. The retail price is $25.44.
Haromex Development GmbH,Cavalier Antigua Gold,Dark rum,25.44,1000,Cavalier Antigua Gold is the name of a brand of dark rum distributed by Haromex Development GmbH. Bottles have a volume of 1000 ml. The retail price is $25.44.
Haromex Development GmbH,Hampden Estate Gold,Dark rum,24.44,700,Hampden Estate Gold is the name of a brand of dark rum distributed by Haromex Development GmbH. Bottles have a volume of 700 ml. The retail price is $24.44.
Radico Khaitan,Contessa Blended 12 Years Rum,Dark rum,14.5,700,Contessa Blended 12 Years Rum is the name of a brand of dark rum distributed by Radico Khaitan. Bottles have a volume of 700 ml. The retail price is $14.5.
Haromex Development GmbH,Secret Treasures Central America 10 Years,Dark rum,33.06,700,Secret Treasures Central America 10 Years is the name of a brand of dark rum distributed by Haromex Development GmbH. Bottles have a volume of 700 ml. The retail price is $33.06.
St Nicholas Abbey,St Nicholas Abbey 12 Years,Dark rum,79.78,700,St Nicholas Abbey 12 Years is the name of a brand of dark rum distributed by St Nicholas Abbey. Bottles have a volume of 700 ml. The retail price is $79.78.
Haromex Development GmbH,Secret Treasures South America 15 Years,Dark rum,41.89,700,Secret Treasures South America 15 Years is the name of a brand of dark rum distributed by Haromex Development GmbH. Bottles have a volume of 700 ml. The retail price is $41.89.
Edition Spirits,Uitvlugt Kill Devil Single Cask Rum,Dark rum,68.67,700,Uitvlugt Kill Devil Single Cask Rum is the name of a brand of dark rum distributed by Edition Spirits. Bottles have a volume of 700 ml. The retail price is $68.67.
Edition Spirits,Guyana Diamond Pot Still 12 Years,Dark rum,63.11,700,Guyana Diamond Pot Still 12 Years is the name of a brand of dark rum distributed by Edition Spirits. Bottles have a volume of 700 ml. The retail price is $63.11.
Edition Spirits,Caroni Kill Devil 17 Years,Dark rum,146.78,700,Caroni Kill Devil 17 Years is the name of a brand of dark rum distributed by Edition Spirits. Bottles have a volume of 700 ml. The retail price is $146.78.
Industria Licorera Quezalteca,Botran Reserva Blanca,Light rum,16.06,700,Botran Reserva Blanca is the name of a brand of light rum distributed by Industria Licorera Quezalteca. Bottles have a volume of 700 ml. The retail price is $16.06.
Bodegas de America,Rom Malecon Rare Proof 20 Years,Dark rum,48.83,700,Rom Malecon Rare Proof 20 Years is the name of a brand of dark rum distributed by Bodegas de America. Bottles have a volume of 700 ml. The retail price is $48.83.
Novo Fogo,Novo Fogo Tanager Cachaça,Dark rum,34.94,700,Novo Fogo Tanager Cachaça is the name of a brand of dark rum distributed by Novo Fogo. Bottles have a volume of 700 ml. The retail price is $34.94.
Novo Fogo,Novo Fogo Barrel-Aged Cachaça,Dark rum,33.78,700,Novo Fogo Barrel-Aged Cachaça is the name of a brand of dark rum distributed by Novo Fogo. Bottles have a volume of 700 ml. The retail price is $33.78.
Novo Fogo,Novo Fogo Chameleon Cachaça,Dark rum,33.22,700,Novo Fogo Chameleon Cachaça is the name of a brand of dark rum distributed by Novo Fogo. Bottles have a volume of 700 ml. The retail price is $33.22.
Novo Fogo,Novo Fogo Silver Cachaça,Light rum,27.72,700,Novo Fogo Silver Cachaça is the name of a brand of light rum distributed by Novo Fogo. Bottles have a volume of 700 ml. The retail price is $27.72.
Bodegas Suau,Ron Jungla,Dark rum,31.28,700,Ron Jungla is the name of a brand of dark rum distributed by Bodegas Suau. Bottles have a volume of 700 ml. The retail price is $31.28.
Zonneveld Beverage Company,Caña de Emperador 16 Years,Dark rum,33.28,700,Caña de Emperador 16 Years is the name of a brand of dark rum distributed by Zonneveld Beverage Company. Bottles have a volume of 700 ml. The retail price is $33.28.
Berry Bros & Rudd,Penny Blue XO Batch 005,Dark rum,36.06,700,Penny Blue XO Batch 005 is the name of a brand of dark rum distributed by Berry Bros & Rudd. Bottles have a volume of 700 ml. The retail price is $36.06.
Zonneveld Beverage Company,By the Dutch Batavia Arrack,Dark rum,33.28,700,By the Dutch Batavia Arrack is the name of a brand of dark rum distributed by Zonneveld Beverage Company. Bottles have a volume of 700 ml. The retail price is $33.28.
Cognac Ferrand,Plantation Single Cask Barbados 7 YO Tiny Barrels Mackmyra Ambassador,Dark rum,52.72,700,Plantation Single Cask Barbados 7 YO Tiny Barrels Mackmyra Ambassador is the name of a brand of dark rum distributed by Cognac Ferrand. Bottles have a volume of 700 ml. The retail price is $52.72.
Bristol Spirits,Caroni,Dark rum,116.56,700,Caroni is the name of a brand of dark rum distributed by Bristol Spirits. Bottles have a volume of 700 ml. The retail price is $116.56.
Edition Spirits,Kill Devil Pot Still 9 Years Guyana,Dark rum,58.83,700,Kill Devil Pot Still 9 Years Guyana is the name of a brand of dark rum distributed by Edition Spirits. Bottles have a volume of 700 ml. The retail price is $58.83.
Cognac Ferrand,Plantation Experience,Dark rum,24.94,600,Plantation Experience is the name of a brand of dark rum distributed by Cognac Ferrand. Bottles have a volume of 600 ml. The retail price is $24.94.
La Maison Du Whisky,Transcontinental Rum Line Panama,Dark rum,35.94,700,Transcontinental Rum Line Panama is the name of a brand of dark rum distributed by La Maison Du Whisky. Bottles have a volume of 700 ml. The retail price is $35.94.
La Maison Du Whisky,Transcontinental Rum Line WP Jamaica,Dark rum,44.72,700,Transcontinental Rum Line WP Jamaica is the name of a brand of dark rum distributed by La Maison Du Whisky. Bottles have a volume of 700 ml. The retail price is $44.72.
Le Maison du Whisky,Transcontinental Rum Line Guadeloupe,Dark rum,37.78,700,Transcontinental Rum Line Guadeloupe is the name of a brand of dark rum distributed by Le Maison du Whisky. Bottles have a volume of 700 ml. The retail price is $37.78.
Demerara Distillers,El Dorado 3 Years,Light rum,16.39,700,El Dorado 3 Years is the name of a brand of light rum distributed by Demerara Distillers. Bottles have a volume of 700 ml. The retail price is $16.39.
Compagnie Des Indes,Compagnie Des Indes Jamaica 5 Years Old Blend,Dark rum,29.78,700,Compagnie Des Indes Jamaica 5 Years Old Blend is the name of a brand of dark rum distributed by Compagnie Des Indes. Bottles have a volume of 700 ml. The retail price is $29.78.
Oliver & Oliver,Presidente Marti Gran Añejo,Dark rum,28.33,700,Presidente Marti Gran Añejo is the name of a brand of dark rum distributed by Oliver & Oliver. Bottles have a volume of 700 ml. The retail price is $28.33.
Cognac Ferrand,Plantation Singel Cask Guyana Tequila Ocho Cognac Ferrand,Dark rum,88.83,700,Plantation Singel Cask Guyana Tequila Ocho Cognac Ferrand is the name of a brand of dark rum distributed by Cognac Ferrand. Bottles have a volume of 700 ml. The retail price is $88.83.
Navy Island Rum Company,Navy Island 10 YO Select Cask,Dark rum,66.61,700,Navy Island 10 YO Select Cask is the name of a brand of dark rum distributed by Navy Island Rum Company. Bottles have a volume of 700 ml. The retail price is $66.61.
Oliver & Oliver,Oliver´s Exquisito,Dark rum,47.44,700,Oliver´s Exquisito is the name of a brand of dark rum distributed by Oliver & Oliver. Bottles have a volume of 700 ml. The retail price is $47.44.
Habitation Velier,Last Ward Rum 10 Years,Dark rum,74.0,700,Last Ward Rum 10 Years is the name of a brand of dark rum distributed by Habitation Velier. Bottles have a volume of 700 ml. The retail price is $74.0.
Habitation Velier,Forsyths Jamaican Pure Single Rum 11 Years,Dark rum,77.67,700,Forsyths Jamaican Pure Single Rum 11 Years is the name of a brand of dark rum distributed by Habitation Velier. Bottles have a volume of 700 ml. The retail price is $77.67.
Habitation Velier,Last Ward Rum 9 Years,Dark rum,78.06,700,Last Ward Rum 9 Years is the name of a brand of dark rum distributed by Habitation Velier. Bottles have a volume of 700 ml. The retail price is $78.06.
Habitation Velier,Forsyths White Jamaican Pure Single Rum,Light rum,43.39,700,Forsyths White Jamaican Pure Single Rum is the name of a brand of light rum distributed by Habitation Velier. Bottles have a volume of 700 ml. The retail price is $43.39.
Distillerie Bielle,Rhum Bielle Rhum Agricole Marie-Galante,Dark rum,211.33,700,Rhum Bielle Rhum Agricole Marie-Galante is the name of a brand of dark rum distributed by Distillerie Bielle. Bottles have a volume of 700 ml. The retail price is $211.33.
Louisiana Spirits,Bayou Spiced,Spiced rum,15.5,700,Bayou Spiced is the name of a brand of spiced rum distributed by Louisiana Spirits. Bottles have a volume of 700 ml. The retail price is $15.5.
Lousiana Spirits LLC,Bayou Rum Silver,Light rum,15.5,700,Bayou Rum Silver is the name of a brand of light rum distributed by Lousiana Spirits LLC. Bottles have a volume of 700 ml. The retail price is $15.5.
Louisiana Spirits,Bayou Rum Reserve,Dark rum,16.61,700,Bayou Rum Reserve is the name of a brand of dark rum distributed by Louisiana Spirits. Bottles have a volume of 700 ml. The retail price is $16.61.
Diageo plc,Zacapa Royal,Dark rum,144.39,700,Zacapa Royal is the name of a brand of dark rum distributed by Diageo plc. Bottles have a volume of 700 ml. The retail price is $144.39.
Brands For Fans,Motörhead Premium Dark Rum,Dark rum,20.5,700,Motörhead Premium Dark Rum is the name of a brand of dark rum distributed by Brands For Fans. Bottles have a volume of 700 ml. The retail price is $20.5.
Renbjer & Magnusson AB,Ron Escudero Reserva,Dark rum,27.67,700,Ron Escudero Reserva is the name of a brand of dark rum distributed by Renbjer & Magnusson AB. Bottles have a volume of 700 ml. The retail price is $27.67.
Foursquare Distillery,Foursquare,Dark rum,44.33,700,Foursquare is the name of a brand of dark rum distributed by Foursquare Distillery. Bottles have a volume of 700 ml. The retail price is $44.33.
Foursquare Distillery,Foursquare Premise,Dark rum,44.33,700,Foursquare Premise is the name of a brand of dark rum distributed by Foursquare Distillery. Bottles have a volume of 700 ml. The retail price is $44.33.
Rossi & Rossi,Ron Millonario Reserva Especial Solera 15,Dark rum,38.83,700,Ron Millonario Reserva Especial Solera 15 is the name of a brand of dark rum distributed by Rossi & Rossi. Bottles have a volume of 700 ml. The retail price is $38.83.
Ron Millonario,Ron Millonario XO,Dark rum,62.72,700,Ron Millonario XO is the name of a brand of dark rum distributed by Ron Millonario. Bottles have a volume of 700 ml. The retail price is $62.72.
Rossi & Rossi,Ron Millonario 10 Years Anniversaro Reserva,Dark rum,36.06,700,Ron Millonario 10 Years Anniversaro Reserva is the name of a brand of dark rum distributed by Rossi & Rossi. Bottles have a volume of 700 ml. The retail price is $36.06.
Bem Bom,Bem Bom Cachaca,Light rum,22.0,700,Bem Bom Cachaca is the name of a brand of light rum distributed by Bem Bom. Bottles have a volume of 700 ml. The retail price is $22.0.
Domaine de l'Acajou,Clément Rare Cask,Dark rum,55.56,500,Clément Rare Cask is the name of a brand of dark rum distributed by Domaine de l'Acajou. Bottles have a volume of 500 ml. The retail price is $55.56.
Cognac Ferrand,Plantation Pineapple,Flavored rum,21.94,700,Plantation Pineapple is the name of a brand of Flavored rum distributed by Cognac Ferrand. Bottles have a volume of 700 ml. The retail price is $21.94.
Ron Valdeflores,Ron Valdeflores Handcrafted Organic Oaxaca 8 Years,Dark rum,43.28,700,Ron Valdeflores Handcrafted Organic Oaxaca 8 Years is the name of a brand of dark rum distributed by Ron Valdeflores. Bottles have a volume of 700 ml. The retail price is $43.28.
Ron Valdeflores,Ron Valdeflores Handcrafted Organic Oaxaca 3 Years,Dark rum,34.39,700,Ron Valdeflores Handcrafted Organic Oaxaca 3 Years is the name of a brand of dark rum distributed by Ron Valdeflores. Bottles have a volume of 700 ml. The retail price is $34.39.
Ron Valdeflores,Ron Valdeflores Blanco Organic,Light rum,26.11,700,Ron Valdeflores Blanco Organic is the name of a brand of light rum distributed by Ron Valdeflores. Bottles have a volume of 700 ml. The retail price is $26.11.
Foursquare Distillery,Uppsala Distillery Independent Bottler Barbados Rum 10 Years Old,Dark rum,38.78,500,Uppsala Distillery Independent Bottler Barbados Rum 10 Years Old is the name of a brand of dark rum distributed by Foursquare Distillery. Bottles have a volume of 500 ml. The retail price is $38.78.
A.H.Riise,A.H. Riise Royal Danish Navy Rum,Dark rum,44.39,700,A.H. Riise Royal Danish Navy Rum is the name of a brand of dark rum distributed by A.H.Riise. Bottles have a volume of 700 ml. The retail price is $44.39.
Antigua Distillery Ltd,English Harbour Port Finish,Dark rum,38.33,700,English Harbour Port Finish is the name of a brand of dark rum distributed by Antigua Distillery Ltd. Bottles have a volume of 700 ml. The retail price is $38.33.
Antigua Distillery Ltd,English Harbour Antigua Rum Madeira Cask Finish,Dark rum,38.33,700,English Harbour Antigua Rum Madeira Cask Finish is the name of a brand of dark rum distributed by Antigua Distillery Ltd. Bottles have a volume of 700 ml. The retail price is $38.33.
Saint James,Saint James XO,Dark rum,27.17,700,Saint James XO is the name of a brand of dark rum distributed by Saint James. Bottles have a volume of 700 ml. The retail price is $27.17.
R L Seale & Company Ltd,R.L. Seale's 10 Years,Dark rum,38.28,700,R.L. Seale's 10 Years is the name of a brand of dark rum distributed by R L Seale & Company Ltd. Bottles have a volume of 700 ml. The retail price is $38.28.
Worthy Park Estate,Rum-Bar White Overproof,Light rum,27.72,700,Rum-Bar White Overproof is the name of a brand of light rum distributed by Worthy Park Estate. Bottles have a volume of 700 ml. The retail price is $27.72.
Haromex Development GmbH,On Deck Caribbean Rum 15 Years,Dark rum,47.67,700,On Deck Caribbean Rum 15 Years is the name of a brand of dark rum distributed by Haromex Development GmbH. Bottles have a volume of 700 ml. The retail price is $47.67.
Captain Morgan,Captain Morgan Spiced Gold,Spiced rum,17.89,700,Captain Morgan Spiced Gold is the name of a brand of spiced rum distributed by Captain Morgan. Bottles have a volume of 700 ml. The retail price is $17.89.
Bardinet,Negrita Añejo Reserve,Dark rum,12.72,700,Negrita Añejo Reserve is the name of a brand of dark rum distributed by Bardinet. Bottles have a volume of 700 ml. The retail price is $12.72.
One Eyed Spirits,Ron de Jeremy XXXO Notre Dam,Dark rum,49.94,700,Ron de Jeremy XXXO Notre Dam is the name of a brand of dark rum distributed by One Eyed Spirits. Bottles have a volume of 700 ml. The retail price is $49.94.
Svenska Eldvatten,WeiRon Swe Cask 01,Dark rum,44.39,700,WeiRon Swe Cask 01 is the name of a brand of dark rum distributed by Svenska Eldvatten. Bottles have a volume of 700 ml. The retail price is $44.39.
Brands For Fans,The Pirate Bay Silver Rum,Light rum,12.72,700,The Pirate Bay Silver Rum is the name of a brand of light rum distributed by Brands For Fans. Bottles have a volume of 700 ml. The retail price is $12.72.
Brands For Fans,The Pirate Bay Silver Rum,Light rum,7.17,350,The Pirate Bay Silver Rum is the name of a brand of light rum distributed by Brands For Fans. Bottles have a volume of 350 ml. The retail price is $7.17.
Toorank,Kuna Panama,Dark rum,21.94,700,Kuna Panama is the name of a brand of dark rum distributed by Toorank. Bottles have a volume of 700 ml. The retail price is $21.94.
Worthy Park Estate,Worthy Park Single Estate,Dark rum,38.61,700,Worthy Park Single Estate is the name of a brand of dark rum distributed by Worthy Park Estate. Bottles have a volume of 700 ml. The retail price is $38.61.
Comercializadora Pame S.A. DE C.V.,Charanda Real de Uruapán Hard,Light rum,24.94,1000,Charanda Real de Uruapán Hard is the name of a brand of light rum distributed by Comercializadora Pame S.A. DE C.V.. Bottles have a volume of 1000 ml. The retail price is $24.94.
Buss Spirits,Shack Honey Rum,Dark rum,41.61,700,Shack Honey Rum is the name of a brand of dark rum distributed by Buss Spirits. Bottles have a volume of 700 ml. The retail price is $41.61.
Buss Spirits,Shack Super Spiced Rum,Spiced rum,41.61,700,Shack Super Spiced Rum is the name of a brand of spiced rum distributed by Buss Spirits. Bottles have a volume of 700 ml. The retail price is $41.61.
Buss Spirits,Shack Orange Rum,Dark rum,41.61,700,Shack Orange Rum is the name of a brand of dark rum distributed by Buss Spirits. Bottles have a volume of 700 ml. The retail price is $41.61.
Ron Montero,Ron Palido,Dark rum,18.44,700,Ron Palido is the name of a brand of dark rum distributed by Ron Montero. Bottles have a volume of 700 ml. The retail price is $18.44.
Haromex Development GmbH,BC 12 Years,Dark rum,34.94,700,BC 12 Years is the name of a brand of dark rum distributed by Haromex Development GmbH. Bottles have a volume of 700 ml. The retail price is $34.94.
Haromex Development GmbH,BC 18 Years,Dark rum,42.17,700,BC 18 Years is the name of a brand of dark rum distributed by Haromex Development GmbH. Bottles have a volume of 700 ml. The retail price is $42.17.
Haromex Development GmbH,BC 8 Years,Dark rum,31.06,700,BC 8 Years is the name of a brand of dark rum distributed by Haromex Development GmbH. Bottles have a volume of 700 ml. The retail price is $31.06.
Blackadder,Guyana Port Morant 10 Years,Dark rum,68.28,700,Guyana Port Morant 10 Years is the name of a brand of dark rum distributed by Blackadder. Bottles have a volume of 700 ml. The retail price is $68.28.
Blackadder,Blackadder Guyana Port Morant 15 Years,Dark rum,82.72,700,Blackadder Guyana Port Morant 15 Years is the name of a brand of dark rum distributed by Blackadder. Bottles have a volume of 700 ml. The retail price is $82.72.
1423,Compañero Extra Añejo Panama 12 Years,Dark rum,27.22,700,Compañero Extra Añejo Panama 12 Years is the name of a brand of dark rum distributed by 1423. Bottles have a volume of 700 ml. The retail price is $27.22.
Hampden Distillery - Le Maison du Whisky,Hampden Estate Pure Single Jamaican Rum,Dark rum,38.28,700,Hampden Estate Pure Single Jamaican Rum is the name of a brand of dark rum distributed by Hampden Distillery - Le Maison du Whisky. Bottles have a volume of 700 ml. The retail price is $38.28.
Habitation Velier,Velier Royal Navy Very Old Rum,Dark rum,86.94,700,Velier Royal Navy Very Old Rum is the name of a brand of dark rum distributed by Habitation Velier. Bottles have a volume of 700 ml. The retail price is $86.94.
Habitation Velier,Forsyths Worthy Park White Habitation Velier,Light rum,36.61,700,Forsyths Worthy Park White Habitation Velier is the name of a brand of light rum distributed by Habitation Velier. Bottles have a volume of 700 ml. The retail price is $36.61.
Habitation Velier,Hampden 7 Years Old Habitation Velier,Dark rum,55.28,700,Hampden 7 Years Old Habitation Velier is the name of a brand of dark rum distributed by Habitation Velier. Bottles have a volume of 700 ml. The retail price is $55.28.
Habitation Velier,Foursquare Habitation Velier,Dark rum,49.94,700,Foursquare Habitation Velier is the name of a brand of dark rum distributed by Habitation Velier. Bottles have a volume of 700 ml. The retail price is $49.94.
Hampden Distillery - Le Maison du Whisky,Hampden Estate Overproof Pure Single Jamaican Rum,Dark rum,49.39,700,Hampden Estate Overproof Pure Single Jamaican Rum is the name of a brand of dark rum distributed by Hampden Distillery - Le Maison du Whisky. Bottles have a volume of 700 ml. The retail price is $49.39.
Compagnie Des Indes,South Pacific Rum Fiji,Dark rum,34.39,700,South Pacific Rum Fiji is the name of a brand of dark rum distributed by Compagnie Des Indes. Bottles have a volume of 700 ml. The retail price is $34.39.
Compagnie Des Indes,Trinidad T.D.L High Proof,Dark rum,51.28,700,Trinidad T.D.L High Proof is the name of a brand of dark rum distributed by Compagnie Des Indes. Bottles have a volume of 700 ml. The retail price is $51.28.
Compagnie Des Indes,Guyana Diamond,Dark rum,35.33,700,Guyana Diamond is the name of a brand of dark rum distributed by Compagnie Des Indes. Bottles have a volume of 700 ml. The retail price is $35.33.
Compagnie Des Indes,Compagnie des Indes Florida Cask Strength,Dark rum,48.06,700,Compagnie des Indes Florida Cask Strength is the name of a brand of dark rum distributed by Compagnie Des Indes. Bottles have a volume of 700 ml. The retail price is $48.06.
LMDW / Neisson Distillery,Neisson Le Rhum par Neisson,Light rum,28.83,700,Neisson Le Rhum par Neisson is the name of a brand of light rum distributed by LMDW / Neisson Distillery. Bottles have a volume of 700 ml. The retail price is $28.83.
Ron Montero,Ron Montero Reserva,Dark rum,21.33,700,Ron Montero Reserva is the name of a brand of dark rum distributed by Ron Montero. Bottles have a volume of 700 ml. The retail price is $21.33.
Ron Montero,Ron Francisco Montero,Dark rum,71.22,700,Ron Francisco Montero is the name of a brand of dark rum distributed by Ron Montero. Bottles have a volume of 700 ml. The retail price is $71.22.
Dusa,Diplomático Reserva Exclusiva,Dark rum,131.61,3000,Diplomático Reserva Exclusiva is the name of a brand of dark rum distributed by Dusa. Bottles have a volume of 3000 ml. The retail price is $131.61.
The Haciendas Company,Sister Isles Moscatel Rhum,Dark rum,29.94,700,Sister Isles Moscatel Rhum is the name of a brand of dark rum distributed by The Haciendas Company. Bottles have a volume of 700 ml. The retail price is $29.94.
The Haciendas Company,Sister Isles PX Rhum,Dark rum,29.94,700,Sister Isles PX Rhum is the name of a brand of dark rum distributed by The Haciendas Company. Bottles have a volume of 700 ml. The retail price is $29.94.
Hayman Distillers,Smith & Cross Traditional Jamaica Rum,Dark rum,36.06,700,Smith & Cross Traditional Jamaica Rum is the name of a brand of dark rum distributed by Hayman Distillers. Bottles have a volume of 700 ml. The retail price is $36.06.
Spiridom,Chairman's Reserve Forgotten Casks,Dark rum,33.28,700,Chairman's Reserve Forgotten Casks is the name of a brand of dark rum distributed by Spiridom. Bottles have a volume of 700 ml. The retail price is $33.28.
Integrity Spirits,Gunroom Navy Rum,Dark rum,27.67,500,Gunroom Navy Rum is the name of a brand of dark rum distributed by Integrity Spirits. Bottles have a volume of 500 ml. The retail price is $27.67.
Destilerias Arehucas SA,Arehucas Fresier,Flavored rum,15.5,700,Arehucas Fresier is the name of a brand of Flavored rum distributed by Destilerias Arehucas SA. Bottles have a volume of 700 ml. The retail price is $15.5.
A.H.Riise,A.H. Riise Kong Haakon XO Royal Reserve,Dark rum,44.39,700,A.H. Riise Kong Haakon XO Royal Reserve is the name of a brand of dark rum distributed by A.H.Riise. Bottles have a volume of 700 ml. The retail price is $44.39.
A H Riisen Spirits,A.H. Riise Non Plus Ultra Very Rare Rum,Dark rum,72.17,700,A.H. Riise Non Plus Ultra Very Rare Rum is the name of a brand of dark rum distributed by A H Riisen Spirits. Bottles have a volume of 700 ml. The retail price is $72.17.
A.H.Riise,Riise XO Reserve 175th AnnIversary Rum,Dark rum,49.94,700,Riise XO Reserve 175th AnnIversary Rum is the name of a brand of dark rum distributed by A.H.Riise. Bottles have a volume of 700 ml. The retail price is $49.94.
Antigua Distillery Ltd,Antigua Distillery Velier,Dark rum,49.89,700,Antigua Distillery Velier is the name of a brand of dark rum distributed by Antigua Distillery Ltd. Bottles have a volume of 700 ml. The retail price is $49.89.
Casa Santana Ron y Licores S.A.S.,La Hechicera Extra Anejo Solera 21,Dark rum,36.06,700,La Hechicera Extra Anejo Solera 21 is the name of a brand of dark rum distributed by Casa Santana Ron y Licores S.A.S.. Bottles have a volume of 700 ml. The retail price is $36.06.
Union 55,Union 55,Dark rum,29.44,700,Union 55 is the name of a brand of dark rum distributed by Union 55. Bottles have a volume of 700 ml. The retail price is $29.44.
1423,Belize Single Cask Cask Strength,Dark rum,57.61,700,Belize Single Cask Cask Strength is the name of a brand of dark rum distributed by 1423. Bottles have a volume of 700 ml. The retail price is $57.61.
Berry Bros & Rudd,Venezuelan Rum 12 Years Cask Ref 17,Dark rum,63.83,700,Venezuelan Rum 12 Years Cask Ref 17 is the name of a brand of dark rum distributed by Berry Bros & Rudd. Bottles have a volume of 700 ml. The retail price is $63.83.
Berry Bros & Rudd,Panama Rum 12 Years Cask Ref 51,Dark rum,54.94,700,Panama Rum 12 Years Cask Ref 51 is the name of a brand of dark rum distributed by Berry Bros & Rudd. Bottles have a volume of 700 ml. The retail price is $54.94.
Berry Bros & Rudd,Barbados Rum 12 Years Cask Ref 9,Dark rum,64.39,700,Barbados Rum 12 Years Cask Ref 9 is the name of a brand of dark rum distributed by Berry Bros & Rudd. Bottles have a volume of 700 ml. The retail price is $64.39.
Berry Bros & Rudd,Guyanan Rum 14 Years Cask Ref 3,Dark rum,63.83,700,Guyanan Rum 14 Years Cask Ref 3 is the name of a brand of dark rum distributed by Berry Bros & Rudd. Bottles have a volume of 700 ml. The retail price is $63.83.
Bristol Spirits,Guyana Port Morant 25 Years,Dark rum,123.28,700,Guyana Port Morant 25 Years is the name of a brand of dark rum distributed by Bristol Spirits. Bottles have a volume of 700 ml. The retail price is $123.28.
Bristol Spirits,Mauritius La Bourdonnais 5 Years,Dark rum,33.28,700,Mauritius La Bourdonnais 5 Years is the name of a brand of dark rum distributed by Bristol Spirits. Bottles have a volume of 700 ml. The retail price is $33.28.
Edition Spirits,Caroni Kill Devil,Dark rum,131.61,700,Caroni Kill Devil is the name of a brand of dark rum distributed by Edition Spirits. Bottles have a volume of 700 ml. The retail price is $131.61.
Edition Spirits,Trinidad Fernandes 9 Years,Dark rum,47.17,700,Trinidad Fernandes 9 Years is the name of a brand of dark rum distributed by Edition Spirits. Bottles have a volume of 700 ml. The retail price is $47.17.
Edition Spirits,Jamaica Hampden Pot Still,Dark rum,58.06,700,Jamaica Hampden Pot Still is the name of a brand of dark rum distributed by Edition Spirits. Bottles have a volume of 700 ml. The retail price is $58.06.
Bacardi,Bacardi 8 años,Dark rum,22.72,700,Bacardi 8 años is the name of a brand of dark rum distributed by Bacardi. Bottles have a volume of 700 ml. The retail price is $22.72.
Distillerie Bielle,Rhum Bielle Canne Grise,Light rum,30.5,500,Rhum Bielle Canne Grise is the name of a brand of light rum distributed by Distillerie Bielle. Bottles have a volume of 500 ml. The retail price is $30.5.
Dos Valles S.A DE C.V.,Paranubes Oaxaca Rum,Light rum,36.61,700,Paranubes Oaxaca Rum is the name of a brand of light rum distributed by Dos Valles S.A DE C.V.. Bottles have a volume of 700 ml. The retail price is $36.61.
The Haciendas Company,Sister Isles 15 Years Limited Edition,Dark rum,44.39,700,Sister Isles 15 Years Limited Edition is the name of a brand of dark rum distributed by The Haciendas Company. Bottles have a volume of 700 ml. The retail price is $44.39.
C.A. Ron Santa Teresa,Santa Teresa 1796,Dark rum,29.39,700,Santa Teresa 1796 is the name of a brand of dark rum distributed by C.A. Ron Santa Teresa. Bottles have a volume of 700 ml. The retail price is $29.39.
1423 Aps,"Rammstein Rum Blended Classic Jamaica, Guyana och Trinidad",Dark rum,33.28,700,"Rammstein Rum Blended Classic Jamaica, Guyana och Trinidad is the name of a brand of dark rum distributed by 1423 Aps. Bottles have a volume of 700 ml. The retail price is $33.28."
Zuidam Distillers BV,Flying Dutchman PX 5 Years,Dark rum,34.94,700,Flying Dutchman PX 5 Years is the name of a brand of dark rum distributed by Zuidam Distillers BV. Bottles have a volume of 700 ml. The retail price is $34.94.
Gripsholms Distillery,Dygden Premium Blend XO,Dark rum,16.56,500,Dygden Premium Blend XO is the name of a brand of dark rum distributed by Gripsholms Distillery. Bottles have a volume of 500 ml. The retail price is $16.56.
Ind. Reunidas de Bebidas Tatuzinho,Velho Barreiro,Light rum,17.0,700,Velho Barreiro is the name of a brand of light rum distributed by Ind. Reunidas de Bebidas Tatuzinho. Bottles have a volume of 700 ml. The retail price is $17.0.
Wray & Nephew,Appleton Estate Signature Blend,Dark rum,16.61,700,Appleton Estate Signature Blend is the name of a brand of dark rum distributed by Wray & Nephew. Bottles have a volume of 700 ml. The retail price is $16.61.
LMDW / Neisson Distillery,Neisson L'Espirit Bio,Light rum,55.44,700,Neisson L'Espirit Bio is the name of a brand of light rum distributed by LMDW / Neisson Distillery. Bottles have a volume of 700 ml. The retail price is $55.44.
LMDW / Neisson Distillery,Neisson Le Rhum Bio,Light rum,44.33,700,Neisson Le Rhum Bio is the name of a brand of light rum distributed by LMDW / Neisson Distillery. Bottles have a volume of 700 ml. The retail price is $44.33.
Hemingway Rum Company,Papa's Pilar Blonde Rum 7,Light rum,25.83,700,Papa's Pilar Blonde Rum 7 is the name of a brand of light rum distributed by Hemingway Rum Company. Bottles have a volume of 700 ml. The retail price is $25.83.
Hemingway Rum Company,Papa's Pilar Dark Rum 24,Dark rum,32.83,700,Papa's Pilar Dark Rum 24 is the name of a brand of dark rum distributed by Hemingway Rum Company. Bottles have a volume of 700 ml. The retail price is $32.83.
Hemingway Rum Company,Papa's Pilar Dark Rum Sherry Cask Finish,Dark rum,36.0,700,Papa's Pilar Dark Rum Sherry Cask Finish is the name of a brand of dark rum distributed by Hemingway Rum Company. Bottles have a volume of 700 ml. The retail price is $36.0.
Hemingway Rum Company,Papa's Pilar Dark Rum Bourbon Cask Finish,Dark rum,36.0,700,Papa's Pilar Dark Rum Bourbon Cask Finish is the name of a brand of dark rum distributed by Hemingway Rum Company. Bottles have a volume of 700 ml. The retail price is $36.0.
Havana Club International,Havana Club Añejo 3 Años,Light rum,13.83,700,Havana Club Añejo 3 Años is the name of a brand of light rum distributed by Havana Club International. Bottles have a volume of 700 ml. The retail price is $13.83.
Oliver & Oliver,Ron Esclavo XO Laphroaig Cask,Dark rum,54.17,500,Ron Esclavo XO Laphroaig Cask is the name of a brand of dark rum distributed by Oliver & Oliver. Bottles have a volume of 500 ml. The retail price is $54.17.
Svenska Eldvatten,WeiRon Black Navy Strength,Dark rum,36.06,700,WeiRon Black Navy Strength is the name of a brand of dark rum distributed by Svenska Eldvatten. Bottles have a volume of 700 ml. The retail price is $36.06.
Rossi & Rossi,Rum Nation Jamaica Pot Still 5 Year Old,Dark rum,33.28,700,Rum Nation Jamaica Pot Still 5 Year Old is the name of a brand of dark rum distributed by Rossi & Rossi. Bottles have a volume of 700 ml. The retail price is $33.28.
Maison Clavelier,Caroni Navy Rum 18 Years,Dark rum,136.61,700,Caroni Navy Rum 18 Years is the name of a brand of dark rum distributed by Maison Clavelier. Bottles have a volume of 700 ml. The retail price is $136.61.
Long Pond,Long Pond 15 Years Pure Single Rum,Dark rum,96.0,700,Long Pond 15 Years Pure Single Rum is the name of a brand of dark rum distributed by Long Pond. Bottles have a volume of 700 ml. The retail price is $96.0.
Westerhall Rums UK,Westerhall No.2,Light rum,30.5,700,Westerhall No.2 is the name of a brand of light rum distributed by Westerhall Rums UK. Bottles have a volume of 700 ml. The retail price is $30.5.
Westerhall Rums UK,Westerhall No.3,Dark rum,31.61,700,Westerhall No.3 is the name of a brand of dark rum distributed by Westerhall Rums UK. Bottles have a volume of 700 ml. The retail price is $31.61.
Westerhall Rums UK,Westerhall No.5,Dark rum,34.94,700,Westerhall No.5 is the name of a brand of dark rum distributed by Westerhall Rums UK. Bottles have a volume of 700 ml. The retail price is $34.94.
Westerhall Rums UK,Westerhall No.7,Dark rum,37.72,700,Westerhall No.7 is the name of a brand of dark rum distributed by Westerhall Rums UK. Bottles have a volume of 700 ml. The retail price is $37.72.
Westerhall Rums UK,Westerhall No.10,Dark rum,41.61,700,Westerhall No.10 is the name of a brand of dark rum distributed by Westerhall Rums UK. Bottles have a volume of 700 ml. The retail price is $41.61.
La Maison Du Whisky,Rhum Bielle,Dark rum,151.0,151,Rhum Bielle is the name of a brand of dark rum distributed by La Maison Du Whisky. Bottles have a volume of 151 ml. The retail price is $151.0.
Bristol Spirits,Enmore 22 Years,Dark rum,121.61,700,Enmore 22 Years is the name of a brand of dark rum distributed by Bristol Spirits. Bottles have a volume of 700 ml. The retail price is $121.61.
Bristol Spirits,Enmore Sherry Finish 30 Years,Dark rum,166.5,700,Enmore Sherry Finish 30 Years is the name of a brand of dark rum distributed by Bristol Spirits. Bottles have a volume of 700 ml. The retail price is $166.5.
Bristol Spirits,Port Morant Demerara Rum,Dark rum,57.72,700,Port Morant Demerara Rum is the name of a brand of dark rum distributed by Bristol Spirits. Bottles have a volume of 700 ml. The retail price is $57.72.
Demerara Distillers,El Dorado 8 Year Old,Dark rum,19.39,700,El Dorado 8 Year Old is the name of a brand of dark rum distributed by Demerara Distillers. Bottles have a volume of 700 ml. The retail price is $19.39.
House of Lords Beverages Limited,Port Louiis,Dark rum,5.5,200,Port Louiis is the name of a brand of dark rum distributed by House of Lords Beverages Limited. Bottles have a volume of 200 ml. The retail price is $5.5.
Foursquare Distillery,Foursquare Patrimonio,Dark rum,108.56,700,Foursquare Patrimonio is the name of a brand of dark rum distributed by Foursquare Distillery. Bottles have a volume of 700 ml. The retail price is $108.56.
H & Z Brands,Friendship Rum EK,Dark rum,29.72,700,Friendship Rum EK is the name of a brand of dark rum distributed by H & Z Brands. Bottles have a volume of 700 ml. The retail price is $29.72.
Maison Ferrand,Plantation Single Cask Guatemala XO Amburana,Dark rum,49.94,700,Plantation Single Cask Guatemala XO Amburana is the name of a brand of dark rum distributed by Maison Ferrand. Bottles have a volume of 700 ml. The retail price is $49.94.
Maison Ferrand,Plantation Single Cask Jamaica 2009 Tokay Cask,Dark rum,49.94,700,Plantation Single Cask Jamaica 2009 Tokay Cask is the name of a brand of dark rum distributed by Maison Ferrand. Bottles have a volume of 700 ml. The retail price is $49.94.
Maison Ferrand,Plantation Single Cask Guyana 2008 Zebra Cask,Dark rum,49.94,700,Plantation Single Cask Guyana 2008 Zebra Cask is the name of a brand of dark rum distributed by Maison Ferrand. Bottles have a volume of 700 ml. The retail price is $49.94.
Maison Ferrand,Plantation Single Cask Belize 2009 Wild Cherry,Dark rum,49.94,700,Plantation Single Cask Belize 2009 Wild Cherry is the name of a brand of dark rum distributed by Maison Ferrand. Bottles have a volume of 700 ml. The retail price is $49.94.
Maison Ferrand,Plantation Single Cask Barbados 7 Years Partisian Beer Cask,Dark rum,49.94,700,Plantation Single Cask Barbados 7 Years Partisian Beer Cask is the name of a brand of dark rum distributed by Maison Ferrand. Bottles have a volume of 700 ml. The retail price is $49.94.
Maison Ferrand,Plantation Single Cask Panama 2006 Muscat Cask,Dark rum,49.94,700,Plantation Single Cask Panama 2006 Muscat Cask is the name of a brand of dark rum distributed by Maison Ferrand. Bottles have a volume of 700 ml. The retail price is $49.94.
Edition Spirits,Bellevue Guadeloupe Kill Devil Single Cask Rum 18 Years,Dark rum,102.67,700,Bellevue Guadeloupe Kill Devil Single Cask Rum 18 Years is the name of a brand of dark rum distributed by Edition Spirits. Bottles have a volume of 700 ml. The retail price is $102.67.
Distillerre Neisson,Neisson Reserve Speciale,Dark rum,38.78,700,Neisson Reserve Speciale is the name of a brand of dark rum distributed by Distillerre Neisson. Bottles have a volume of 700 ml. The retail price is $38.78.
Compagnie Des Indes,Compagnie des Indes Tricorne White Blend,Light rum,27.06,700,Compagnie des Indes Tricorne White Blend is the name of a brand of light rum distributed by Compagnie Des Indes. Bottles have a volume of 700 ml. The retail price is $27.06.
Compagnie Des Indes,Latino Blend 5 Years,Dark rum,29.94,700,Latino Blend 5 Years is the name of a brand of dark rum distributed by Compagnie Des Indes. Bottles have a volume of 700 ml. The retail price is $29.94.
Pusser's Rum Company,Pusser's Rum Nelson's Blood 15 Years,Dark rum,49.89,700,Pusser's Rum Nelson's Blood 15 Years is the name of a brand of dark rum distributed by Pusser's Rum Company. Bottles have a volume of 700 ml. The retail price is $49.89.
Long Pond,Vale Royal 12 Years Old VRW,Dark rum,85.39,700,Vale Royal 12 Years Old VRW is the name of a brand of dark rum distributed by Long Pond. Bottles have a volume of 700 ml. The retail price is $85.39.
Long Pond,Long Pond 11 Years Old TECC National Rums of Jamaica,Dark rum,94.56,700,Long Pond 11 Years Old TECC National Rums of Jamaica is the name of a brand of dark rum distributed by Long Pond. Bottles have a volume of 700 ml. The retail price is $94.56.
Habitation Velier,Velier Royal Navy Tiger Shark,Dark rum,106.94,700,Velier Royal Navy Tiger Shark is the name of a brand of dark rum distributed by Habitation Velier. Bottles have a volume of 700 ml. The retail price is $106.94.
Long Pond,Cambridge 13 Years Old STCE National Rums of Jamaica,Dark rum,98.39,700,Cambridge 13 Years Old STCE National Rums of Jamaica is the name of a brand of dark rum distributed by Long Pond. Bottles have a volume of 700 ml. The retail price is $98.39.
El Ron Cubano Handels,Ron Cubay Añejo Suave,Dark rum,18.06,700,Ron Cubay Añejo Suave is the name of a brand of dark rum distributed by El Ron Cubano Handels. Bottles have a volume of 700 ml. The retail price is $18.06.
El Ron Cubano Handels,Ron Cubay Carta Blanca 14 Years,Dark rum,69.39,700,Ron Cubay Carta Blanca 14 Years is the name of a brand of dark rum distributed by El Ron Cubano Handels. Bottles have a volume of 700 ml. The retail price is $69.39.
El Ron Cubano Handels,Ron Cubay Extra Añejo 18 years,Dark rum,83.22,700,Ron Cubay Extra Añejo 18 years is the name of a brand of dark rum distributed by El Ron Cubano Handels. Bottles have a volume of 700 ml. The retail price is $83.22.
El Ron Cubano Handels,Santiago de Cuba 12 Years,Dark rum,41.61,700,Santiago de Cuba 12 Years is the name of a brand of dark rum distributed by El Ron Cubano Handels. Bottles have a volume of 700 ml. The retail price is $41.61.
Bodegas de America,Rom Malecon Rare Proof 13 Years,Dark rum,33.28,700,Rom Malecon Rare Proof 13 Years is the name of a brand of dark rum distributed by Bodegas de America. Bottles have a volume of 700 ml. The retail price is $33.28.
El Ron Cubano Handels,Santiago de Cuba 11 Years,Dark rum,38.61,700,Santiago de Cuba 11 Years is the name of a brand of dark rum distributed by El Ron Cubano Handels. Bottles have a volume of 700 ml. The retail price is $38.61.
El Ron Cubano Handels,Santiago de Cuba 20 Years,Dark rum,79.17,700,Santiago de Cuba 20 Years is the name of a brand of dark rum distributed by El Ron Cubano Handels. Bottles have a volume of 700 ml. The retail price is $79.17.
Oliver & Oliver,Ron Quorhum 30 Years Old Anniversario Cask Strength,Dark rum,60.67,700,Ron Quorhum 30 Years Old Anniversario Cask Strength is the name of a brand of dark rum distributed by Oliver & Oliver. Bottles have a volume of 700 ml. The retail price is $60.67.
Selected Malts,Belize Rum 5 Years,Dark rum,30.5,500,Belize Rum 5 Years is the name of a brand of dark rum distributed by Selected Malts. Bottles have a volume of 500 ml. The retail price is $30.5.
Añejos de Altura S.A.,Zacapa Reserva Limitada 2019,Dark rum,51.06,700,Zacapa Reserva Limitada 2019 is the name of a brand of dark rum distributed by Añejos de Altura S.A.. Bottles have a volume of 700 ml. The retail price is $51.06.
Smögen Whisky AB,Kinghaven Foursquare Single Cask 13 Years,Dark rum,51.39,500,Kinghaven Foursquare Single Cask 13 Years is the name of a brand of dark rum distributed by Smögen Whisky AB. Bottles have a volume of 500 ml. The retail price is $51.39.
Ron Barcelò Srl,Barceló Imperial Onyx,Dark rum,24.94,700,Barceló Imperial Onyx is the name of a brand of dark rum distributed by Ron Barcelò Srl. Bottles have a volume of 700 ml. The retail price is $24.94.
1423 Aps,25 Rums The Original Rum Box,Dark rum,44.17,500,25 Rums The Original Rum Box is the name of a brand of dark rum distributed by 1423 Aps. Bottles have a volume of 500 ml. The retail price is $44.17.
Zuidam Distillers BV,The Flying Dutchman Rum Ol 6 years,Dark rum,37.72,700,The Flying Dutchman Rum Ol 6 years is the name of a brand of dark rum distributed by Zuidam Distillers BV. Bottles have a volume of 700 ml. The retail price is $37.72.
Distillery Bally,J. Bally Rhum Ambré,Dark rum,19.39,700,J. Bally Rhum Ambré is the name of a brand of dark rum distributed by Distillery Bally. Bottles have a volume of 700 ml. The retail price is $19.39.
Blackadder,Diamond Guyana Rum 10 Years,Dark rum,70.44,700,Diamond Guyana Rum 10 Years is the name of a brand of dark rum distributed by Blackadder. Bottles have a volume of 700 ml. The retail price is $70.44.
Blackadder,Fiji Rum Raw Cask 9 Years,Dark rum,71.06,700,Fiji Rum Raw Cask 9 Years is the name of a brand of dark rum distributed by Blackadder. Bottles have a volume of 700 ml. The retail price is $71.06.
J. Faria & Filhos,Rum Agricola da Madeira 970 Single Cask Edition,Dark rum,53.28,700,Rum Agricola da Madeira 970 Single Cask Edition is the name of a brand of dark rum distributed by J. Faria & Filhos. Bottles have a volume of 700 ml. The retail price is $53.28.
Worthy Park Estate,Worthy Park Single Estate 12 Years Old,Dark rum,69.39,700,Worthy Park Single Estate 12 Years Old is the name of a brand of dark rum distributed by Worthy Park Estate. Bottles have a volume of 700 ml. The retail price is $69.39.
H.A.R.R.E.L AB,H.A.R.R.E.L Skeppsholmen,Dark rum,33.5,700,H.A.R.R.E.L Skeppsholmen is the name of a brand of dark rum distributed by H.A.R.R.E.L AB. Bottles have a volume of 700 ml. The retail price is $33.5.
Ron Abuelo Panama,Ron Abuelo Centuria,Dark rum,74.44,700,Ron Abuelo Centuria is the name of a brand of dark rum distributed by Ron Abuelo Panama. Bottles have a volume of 700 ml. The retail price is $74.44.
H.A.R.R.E.L AB,H.A.R.R.E.L Barbados 13 Years,Dark rum,41.06,500,H.A.R.R.E.L Barbados 13 Years is the name of a brand of dark rum distributed by H.A.R.R.E.L AB. Bottles have a volume of 500 ml. The retail price is $41.06.
Sweden Spirit Group AB,JFS Silk Råmm,Light rum,18.72,700,JFS Silk Råmm is the name of a brand of light rum distributed by Sweden Spirit Group AB. Bottles have a volume of 700 ml. The retail price is $18.72.
Destilerías Unidas,Diplomático Selección De Familia,Dark rum,34.72,700,Diplomático Selección De Familia is the name of a brand of dark rum distributed by Destilerías Unidas. Bottles have a volume of 700 ml. The retail price is $34.72.
Havana Club International,Havana Club Pacto Navio,Dark rum,22.17,700,Havana Club Pacto Navio is the name of a brand of dark rum distributed by Havana Club International. Bottles have a volume of 700 ml. The retail price is $22.17.
Svenska Eldvatten,WeiRon Swedish Cask Finish 02,Dark rum,44.39,700,WeiRon Swedish Cask Finish 02 is the name of a brand of dark rum distributed by Svenska Eldvatten. Bottles have a volume of 700 ml. The retail price is $44.39.
Sovereign Brands,Bumbu XO,Dark rum,28.11,700,Bumbu XO is the name of a brand of dark rum distributed by Sovereign Brands. Bottles have a volume of 700 ml. The retail price is $28.11.
The Bitter Truth,Tiki Lovers White Rum,Light rum,26.61,700,Tiki Lovers White Rum is the name of a brand of light rum distributed by The Bitter Truth. Bottles have a volume of 700 ml. The retail price is $26.61.
The Bitter Truth,Tiki Lovers Dark Rum,Dark rum,26.61,700,Tiki Lovers Dark Rum is the name of a brand of dark rum distributed by The Bitter Truth. Bottles have a volume of 700 ml. The retail price is $26.61.
Ädel Smak by Per AB,A-Bay Spirit 8 Years Bourbon Cask Apelviken 8+,Dark rum,37.72,500,A-Bay Spirit 8 Years Bourbon Cask Apelviken 8+ is the name of a brand of dark rum distributed by Ädel Smak by Per AB. Bottles have a volume of 500 ml. The retail price is $37.72.
A-Bay Spirit,A-Bay Spirit Palma 12 Years,Dark rum,39.94,500,A-Bay Spirit Palma 12 Years is the name of a brand of dark rum distributed by A-Bay Spirit. Bottles have a volume of 500 ml. The retail price is $39.94.
Fairtransport,Tres Hombres Edition 32 Martinique,Dark rum,52.72,700,Tres Hombres Edition 32 Martinique is the name of a brand of dark rum distributed by Fairtransport. Bottles have a volume of 700 ml. The retail price is $52.72.
Fairtransport,Tres Hombres Edition 34 Republica Dominicana,Dark rum,45.5,700,Tres Hombres Edition 34 Republica Dominicana is the name of a brand of dark rum distributed by Fairtransport. Bottles have a volume of 700 ml. The retail price is $45.5.
Fairtransport,Tres Hombres Edition 31 Old Barbados,Dark rum,42.17,700,Tres Hombres Edition 31 Old Barbados is the name of a brand of dark rum distributed by Fairtransport. Bottles have a volume of 700 ml. The retail price is $42.17.
Fairtransport,Tres Hombres Edition 28 La Palma,Dark rum,38.83,700,Tres Hombres Edition 28 La Palma is the name of a brand of dark rum distributed by Fairtransport. Bottles have a volume of 700 ml. The retail price is $38.83.
1423 Aps,Esclavo XO Cognac Cask Finish,Dark rum,48.61,700,Esclavo XO Cognac Cask Finish is the name of a brand of dark rum distributed by 1423 Aps. Bottles have a volume of 700 ml. The retail price is $48.61.
1423 Aps,Esclavo XO Stauning Whisky Cask Finish,Dark rum,46.06,700,Esclavo XO Stauning Whisky Cask Finish is the name of a brand of dark rum distributed by 1423 Aps. Bottles have a volume of 700 ml. The retail price is $46.06.
1423 Aps,Esclavo 12 Years Speyside Whisky Cask Finish,Dark rum,34.94,700,Esclavo 12 Years Speyside Whisky Cask Finish is the name of a brand of dark rum distributed by 1423 Aps. Bottles have a volume of 700 ml. The retail price is $34.94.
1423 Aps,Esclavo 12 Years Sherry Cask Finish,Dark rum,34.94,700,Esclavo 12 Years Sherry Cask Finish is the name of a brand of dark rum distributed by 1423 Aps. Bottles have a volume of 700 ml. The retail price is $34.94.
1423 Aps,Esclavo 12 Years Stauning Whisky Cask Finish,Dark rum,34.94,700,Esclavo 12 Years Stauning Whisky Cask Finish is the name of a brand of dark rum distributed by 1423 Aps. Bottles have a volume of 700 ml. The retail price is $34.94.
Auld Rare Whisky Sweden,Ron Herrera 15 Years,Dark rum,33.28,500,Ron Herrera 15 Years is the name of a brand of dark rum distributed by Auld Rare Whisky Sweden. Bottles have a volume of 500 ml. The retail price is $33.28.
Nordmarkens Destilleri AB,Nordmarkens Rom,Dark rum,40.5,500,Nordmarkens Rom is the name of a brand of dark rum distributed by Nordmarkens Destilleri AB. Bottles have a volume of 500 ml. The retail price is $40.5.
Herida Aurum AB,No Borders New World Rum,Dark rum,26.39,500,No Borders New World Rum is the name of a brand of dark rum distributed by Herida Aurum AB. Bottles have a volume of 500 ml. The retail price is $26.39.
H & Z Brands,Björk Friendship Rum,Dark rum,49.72,500,Björk Friendship Rum is the name of a brand of dark rum distributed by H & Z Brands. Bottles have a volume of 500 ml. The retail price is $49.72.
Sweden Spirit Group AB,JFS Råmm Limited,Dark rum,208.28,700,JFS Råmm Limited is the name of a brand of dark rum distributed by Sweden Spirit Group AB. Bottles have a volume of 700 ml. The retail price is $208.28.
Edition Spirits,Kill Devil Uitvlugt 17 Years,Dark rum,73.28,700,Kill Devil Uitvlugt 17 Years is the name of a brand of dark rum distributed by Edition Spirits. Bottles have a volume of 700 ml. The retail price is $73.28.
Bristol Spirits,Caroni,Dark rum,130.5,700,Caroni is the name of a brand of dark rum distributed by Bristol Spirits. Bottles have a volume of 700 ml. The retail price is $130.5.
Bristol Spirits,Caroni Felicite Gold,Dark rum,77.67,700,Caroni Felicite Gold is the name of a brand of dark rum distributed by Bristol Spirits. Bottles have a volume of 700 ml. The retail price is $77.67.
Bristol Spirits,Caroni Blended,Dark rum,108.83,700,Caroni Blended is the name of a brand of dark rum distributed by Bristol Spirits. Bottles have a volume of 700 ml. The retail price is $108.83.
Bristol Spirits,Port Morant,Dark rum,57.72,700,Port Morant is the name of a brand of dark rum distributed by Bristol Spirits. Bottles have a volume of 700 ml. The retail price is $57.72.
Maison Ferrand,Plantation O.F.T.D,Dark rum,27.78,700,Plantation O.F.T.D is the name of a brand of dark rum distributed by Maison Ferrand. Bottles have a volume of 700 ml. The retail price is $27.78.
Rones del Caribe,Ron Roble Ron Extra Añejo,Dark rum,29.94,700,Ron Roble Ron Extra Añejo is the name of a brand of dark rum distributed by Rones del Caribe. Bottles have a volume of 700 ml. The retail price is $29.94.
Matusalem,Matusalem Solera 7 Blender,Dark rum,14.94,700,Matusalem Solera 7 Blender is the name of a brand of dark rum distributed by Matusalem. Bottles have a volume of 700 ml. The retail price is $14.94.
Matusalem,Matusalem Clásico Solera Blend 10,Dark rum,22.72,700,Matusalem Clásico Solera Blend 10 is the name of a brand of dark rum distributed by Matusalem. Bottles have a volume of 700 ml. The retail price is $22.72.
Matusalem,Matusalem Gran Reserva Solera Blend 15 Years,Dark rum,27.72,700,Matusalem Gran Reserva Solera Blend 15 Years is the name of a brand of dark rum distributed by Matusalem. Bottles have a volume of 700 ml. The retail price is $27.72.
Angostura,Angostura 1919 Premium Gold Rum,Dark rum,24.94,700,Angostura 1919 Premium Gold Rum is the name of a brand of dark rum distributed by Angostura. Bottles have a volume of 700 ml. The retail price is $24.94.
Müller de Bebidas,Cachaça 51,Light rum,14.94,700,Cachaça 51 is the name of a brand of light rum distributed by Müller de Bebidas. Bottles have a volume of 700 ml. The retail price is $14.94.
Destilerias Arehucas SA,Arehucas Reserva Especial 18 Years,Dark rum,33.28,700,Arehucas Reserva Especial 18 Years is the name of a brand of dark rum distributed by Destilerias Arehucas SA. Bottles have a volume of 700 ml. The retail price is $33.28.
Destilerías Unidas,Diplomático Mantuano,Dark rum,11.06,350,Diplomático Mantuano is the name of a brand of dark rum distributed by Destilerías Unidas. Bottles have a volume of 350 ml. The retail price is $11.06.
Destilerías Arehucas,Arehucas Reserva Especial 12 años,Dark rum,27.72,700,Arehucas Reserva Especial 12 años is the name of a brand of dark rum distributed by Destilerías Arehucas. Bottles have a volume of 700 ml. The retail price is $27.72.
Destilerías Arehucas,Arehucas Blanco,Light rum,14.78,700,Arehucas Blanco is the name of a brand of light rum distributed by Destilerías Arehucas. Bottles have a volume of 700 ml. The retail price is $14.78.
Svenska Eldvatten,WeiRon Black,Dark rum,30.5,700,WeiRon Black is the name of a brand of dark rum distributed by Svenska Eldvatten. Bottles have a volume of 700 ml. The retail price is $30.5.
Destilerías Arehucas,Arehucas Oro,Dark rum,14.78,700,Arehucas Oro is the name of a brand of dark rum distributed by Destilerías Arehucas. Bottles have a volume of 700 ml. The retail price is $14.78.
Sagatiba Brasil,Sagatiba Velha Cachaça,Dark rum,21.39,700,Sagatiba Velha Cachaça is the name of a brand of dark rum distributed by Sagatiba Brasil. Bottles have a volume of 700 ml. The retail price is $21.39.
Sagatiba Brasil,Sagatiba Pura Cristalina,Light rum,16.94,700,Sagatiba Pura Cristalina is the name of a brand of light rum distributed by Sagatiba Brasil. Bottles have a volume of 700 ml. The retail price is $16.94.
Rones del Caribe,Ron Roble Ultra Añejo 12 Años,Dark rum,31.06,700,Ron Roble Ultra Añejo 12 Años is the name of a brand of dark rum distributed by Rones del Caribe. Bottles have a volume of 700 ml. The retail price is $31.06.
Demerara Distillers,El Dorado 12 Years,Dark rum,23.78,700,El Dorado 12 Years is the name of a brand of dark rum distributed by Demerara Distillers. Bottles have a volume of 700 ml. The retail price is $23.78.
Demerara Distillers,El Dorado Special Reserve 21 Years,Dark rum,51.61,700,El Dorado Special Reserve 21 Years is the name of a brand of dark rum distributed by Demerara Distillers. Bottles have a volume of 700 ml. The retail price is $51.61.
Dusa,Diplomático Mantuano,Dark rum,22.17,700,Diplomático Mantuano is the name of a brand of dark rum distributed by Dusa. Bottles have a volume of 700 ml. The retail price is $22.17.
Bristol Spirits,Caroni VSOC 10 Years,Dark rum,67.72,700,Caroni VSOC 10 Years is the name of a brand of dark rum distributed by Bristol Spirits. Bottles have a volume of 700 ml. The retail price is $67.72.
Bristol Spirits,Bristol Classic Rum Belize Travellers,Dark rum,49.89,700,Bristol Classic Rum Belize Travellers is the name of a brand of dark rum distributed by Bristol Spirits. Bottles have a volume of 700 ml. The retail price is $49.89.
Bristol Spirits,Bristol Classic Rum Cuba Sancti Spriritus,Dark rum,66.06,700,Bristol Classic Rum Cuba Sancti Spriritus is the name of a brand of dark rum distributed by Bristol Spirits. Bottles have a volume of 700 ml. The retail price is $66.06.
Las Industrias Pampero,Pampero Blanco,Light rum,13.28,700,Pampero Blanco is the name of a brand of light rum distributed by Las Industrias Pampero. Bottles have a volume of 700 ml. The retail price is $13.28.
Las Industrias Pampero,Pampero Ron Añejo Especial,Dark rum,13.83,700,Pampero Ron Añejo Especial is the name of a brand of dark rum distributed by Las Industrias Pampero. Bottles have a volume of 700 ml. The retail price is $13.83.
Sailor Jerry Rum,Sailor Jerry Spiced Rum,Spiced rum,16.61,700,Sailor Jerry Spiced Rum is the name of a brand of spiced rum distributed by Sailor Jerry Rum. Bottles have a volume of 700 ml. The retail price is $16.61.
Domaine de l'Acajou,Clément Millésimé,Dark rum,77.72,700,Clément Millésimé is the name of a brand of dark rum distributed by Domaine de l'Acajou. Bottles have a volume of 700 ml. The retail price is $77.72.
Bacardi,Bacardi Carta Oro,Dark rum,14.39,700,Bacardi Carta Oro is the name of a brand of dark rum distributed by Bacardi. Bottles have a volume of 700 ml. The retail price is $14.39.
Wray & Nephew,Appleton Estate 21 Years,Dark rum,72.17,700,Appleton Estate 21 Years is the name of a brand of dark rum distributed by Wray & Nephew. Bottles have a volume of 700 ml. The retail price is $72.17.
Habitation Lajus,J Bally 12 Years,Dark rum,38.83,700,J Bally 12 Years is the name of a brand of dark rum distributed by Habitation Lajus. Bottles have a volume of 700 ml. The retail price is $38.83.
Bacardi,Bacardi Limón,Flavored rum,13.11,700,Bacardi Limón is the name of a brand of Flavored rum distributed by Bacardi. Bottles have a volume of 700 ml. The retail price is $13.11.
Mount Gay,Mount Gay Eclipse,Dark rum,17.44,700,Mount Gay Eclipse is the name of a brand of dark rum distributed by Mount Gay. Bottles have a volume of 700 ml. The retail price is $17.44.
Bacardi,Bacardi Razz,Flavored rum,13.11,700,Bacardi Razz is the name of a brand of Flavored rum distributed by Bacardi. Bottles have a volume of 700 ml. The retail price is $13.11.
Captain Morgan,Captain Morgan Dark Rum,Dark rum,13.83,700,Captain Morgan Dark Rum is the name of a brand of dark rum distributed by Captain Morgan. Bottles have a volume of 700 ml. The retail price is $13.83.
Brugal & Co,Brugal Añejo,Dark rum,14.94,700,Brugal Añejo is the name of a brand of dark rum distributed by Brugal & Co. Bottles have a volume of 700 ml. The retail price is $14.94.
Ron Companero 1423 ApS,Compañero Ron Gran Reserva,Dark rum,31.78,700,Compañero Ron Gran Reserva is the name of a brand of dark rum distributed by Ron Companero 1423 ApS. Bottles have a volume of 700 ml. The retail price is $31.78.
Bodegas y destilerias del sur S.A.,Ron Magec Añejo XO Pedro Ximenez,Dark rum,36.33,700,Ron Magec Añejo XO Pedro Ximenez is the name of a brand of dark rum distributed by Bodegas y destilerias del sur S.A.. Bottles have a volume of 700 ml. The retail price is $36.33.
Bodegas y destilerias del sur S.A.,Rum Magec Añejo XO Oloroso,Dark rum,36.17,700,Rum Magec Añejo XO Oloroso is the name of a brand of dark rum distributed by Bodegas y destilerias del sur S.A.. Bottles have a volume of 700 ml. The retail price is $36.17.
Ron Abuelo Panama,Ron Abuelo 7 Años Reserva Superior,Dark rum,19.39,700,Ron Abuelo 7 Años Reserva Superior is the name of a brand of dark rum distributed by Ron Abuelo Panama. Bottles have a volume of 700 ml. The retail price is $19.39.
Ron Abuelo Panama,Ron Abuelo 12 Años Gran Reserva,Dark rum,27.72,700,Ron Abuelo 12 Años Gran Reserva is the name of a brand of dark rum distributed by Ron Abuelo Panama. Bottles have a volume of 700 ml. The retail price is $27.72.
Ron Abuelo Panama,Ron Abuelo XV Años Tawny Port Cask Finish,Dark rum,47.17,700,Ron Abuelo XV Años Tawny Port Cask Finish is the name of a brand of dark rum distributed by Ron Abuelo Panama. Bottles have a volume of 700 ml. The retail price is $47.17.
Ron Abuelo Panama,Ron Abuelo XV Años Oloroso Sherry Cask Finish,Dark rum,47.17,700,Ron Abuelo XV Años Oloroso Sherry Cask Finish is the name of a brand of dark rum distributed by Ron Abuelo Panama. Bottles have a volume of 700 ml. The retail price is $47.17.
Ron Abuelo Panama,Ron Abuelo XV Años Napoleon Cognac Cask Finish,Dark rum,47.17,700,Ron Abuelo XV Años Napoleon Cognac Cask Finish is the name of a brand of dark rum distributed by Ron Abuelo Panama. Bottles have a volume of 700 ml. The retail price is $47.17.
Bacardi,Bacardi Carta Blanca,Light rum,13.83,700,Bacardi Carta Blanca is the name of a brand of light rum distributed by Bacardi. Bottles have a volume of 700 ml. The retail price is $13.83.
Bacardi,Bacardi Carta Blanca,Light rum,7.5,350,Bacardi Carta Blanca is the name of a brand of light rum distributed by Bacardi. Bottles have a volume of 350 ml. The retail price is $7.5.
Bardinet,Negrita Dark,Dark rum,6.78,350,Negrita Dark is the name of a brand of dark rum distributed by Bardinet. Bottles have a volume of 350 ml. The retail price is $6.78.
Cognac Ferrand,Plantation Grande Reserve Barbados,Dark rum,16.06,700,Plantation Grande Reserve Barbados is the name of a brand of dark rum distributed by Cognac Ferrand. Bottles have a volume of 700 ml. The retail price is $16.06.
Barceló,Ron Barceló Imperial,Dark rum,22.17,700,Ron Barceló Imperial is the name of a brand of dark rum distributed by Barceló. Bottles have a volume of 700 ml. The retail price is $22.17.
Havana Club International,Havana Club Añejo Especial,Dark rum,15.5,700,Havana Club Añejo Especial is the name of a brand of dark rum distributed by Havana Club International. Bottles have a volume of 700 ml. The retail price is $15.5.
Barceló,Barceló Gran Añejo,Dark rum,14.39,700,Barceló Gran Añejo is the name of a brand of dark rum distributed by Barceló. Bottles have a volume of 700 ml. The retail price is $14.39.
Barceló,Barceló Gran Añejo,Dark rum,7.72,350,Barceló Gran Añejo is the name of a brand of dark rum distributed by Barceló. Bottles have a volume of 350 ml. The retail price is $7.72.
Destilerías Unidas,Diplomático Reserva Exclusiva,Dark rum,29.17,700,Diplomático Reserva Exclusiva is the name of a brand of dark rum distributed by Destilerías Unidas. Bottles have a volume of 700 ml. The retail price is $29.17.
Domaine de l'Acajou,Clément VSOP Rhum Vieux Agricole,Dark rum,27.72,700,Clément VSOP Rhum Vieux Agricole is the name of a brand of dark rum distributed by Domaine de l'Acajou. Bottles have a volume of 700 ml. The retail price is $27.72.
Cognac Ferrand,Plantation 20th Anniversary XO Barbados,Dark rum,28.83,700,Plantation 20th Anniversary XO Barbados is the name of a brand of dark rum distributed by Cognac Ferrand. Bottles have a volume of 700 ml. The retail price is $28.83.
Destilerías Arehucas,Arehucas Capitan Kidd,Dark rum,93.17,700,Arehucas Capitan Kidd is the name of a brand of dark rum distributed by Destilerías Arehucas. Bottles have a volume of 700 ml. The retail price is $93.17.
Diageo Plc,Ron Zacapa Gran Reserva,Dark rum,31.61,700,Ron Zacapa Gran Reserva is the name of a brand of dark rum distributed by Diageo Plc. Bottles have a volume of 700 ml. The retail price is $31.61.
Matusalem,Matusalem Gran Reserva Solera Blend 23,Dark rum,49.94,700,Matusalem Gran Reserva Solera Blend 23 is the name of a brand of dark rum distributed by Matusalem. Bottles have a volume of 700 ml. The retail price is $49.94.
Haromex Development GmbH,Vizcaya Cask 21,Dark rum,44.33,700,Vizcaya Cask 21 is the name of a brand of dark rum distributed by Haromex Development GmbH. Bottles have a volume of 700 ml. The retail price is $44.33.
Haromex Development GmbH,Vizcaya Cask 12,Dark rum,31.06,700,Vizcaya Cask 12 is the name of a brand of dark rum distributed by Haromex Development GmbH. Bottles have a volume of 700 ml. The retail price is $31.06.
Alebrand spirits company LLC,Atlantico Reserva,Dark rum,25.5,700,Atlantico Reserva is the name of a brand of dark rum distributed by Alebrand spirits company LLC. Bottles have a volume of 700 ml. The retail price is $25.5.
Alebrand spirits company LLC,Atlantico Gran Reserva,Dark rum,32.17,700,Atlantico Gran Reserva is the name of a brand of dark rum distributed by Alebrand spirits company LLC. Bottles have a volume of 700 ml. The retail price is $32.17.
Blackadder,Guyana Diamond 14 Years,Dark rum,66.56,700,Guyana Diamond 14 Years is the name of a brand of dark rum distributed by Blackadder. Bottles have a volume of 700 ml. The retail price is $66.56.
Bodegas de America,Malteco Reserva Maya 15 Years,Dark rum,25.94,700,Malteco Reserva Maya 15 Years is the name of a brand of dark rum distributed by Bodegas de America. Bottles have a volume of 700 ml. The retail price is $25.94.
Bodegas de America,Rom Malteco Reserva del Fundador 20 años,Dark rum,38.83,700,Rom Malteco Reserva del Fundador 20 años is the name of a brand of dark rum distributed by Bodegas de America. Bottles have a volume of 700 ml. The retail price is $38.83.
Bodegas de America,Rom Malteco Añejo Suave 10 Years Old,Dark rum,22.17,700,Rom Malteco Añejo Suave 10 Years Old is the name of a brand of dark rum distributed by Bodegas de America. Bottles have a volume of 700 ml. The retail price is $22.17.
Havana Club International,Havana Club Selección de Maestro,Dark rum,22.72,700,Havana Club Selección de Maestro is the name of a brand of dark rum distributed by Havana Club International. Bottles have a volume of 700 ml. The retail price is $22.72.
Mount Gay,Mount Gay Rum Extra Old,Dark rum,29.39,700,Mount Gay Rum Extra Old is the name of a brand of dark rum distributed by Mount Gay. Bottles have a volume of 700 ml. The retail price is $29.39.
Bacardi,Bacardi Spiced,Spiced rum,13.28,700,Bacardi Spiced is the name of a brand of spiced rum distributed by Bacardi. Bottles have a volume of 700 ml. The retail price is $13.28.
Edition Spirits,Guyana Kill Devil Pot Still 12 Years,Dark rum,66.56,700,Guyana Kill Devil Pot Still 12 Years is the name of a brand of dark rum distributed by Edition Spirits. Bottles have a volume of 700 ml. The retail price is $66.56.
Edition Spirits,Trinidad Kill Devil 18 Years,Dark rum,153.67,700,Trinidad Kill Devil 18 Years is the name of a brand of dark rum distributed by Edition Spirits. Bottles have a volume of 700 ml. The retail price is $153.67.
Edition Spirits,Guyana Kill Devil Column Still 15 Years,Dark rum,73.78,700,Guyana Kill Devil Column Still 15 Years is the name of a brand of dark rum distributed by Edition Spirits. Bottles have a volume of 700 ml. The retail price is $73.78.
Bodegas de America,Malteco Seleccion 1987,Dark rum,110.5,700,Malteco Seleccion 1987 is the name of a brand of dark rum distributed by Bodegas de America. Bottles have a volume of 700 ml. The retail price is $110.5.
Cognac Ferrand,Plantation Trinidad,Dark rum,24.39,700,Plantation Trinidad is the name of a brand of dark rum distributed by Cognac Ferrand. Bottles have a volume of 700 ml. The retail price is $24.39.
AB No1 Brands,No.1 Old Caribbean Dark Spiced,Spiced rum,13.28,700,No.1 Old Caribbean Dark Spiced is the name of a brand of spiced rum distributed by AB No1 Brands. Bottles have a volume of 700 ml. The retail price is $13.28.
Destilerías Unidas,Diplomático Ambassador,Dark rum,131.61,700,Diplomático Ambassador is the name of a brand of dark rum distributed by Destilerías Unidas. Bottles have a volume of 700 ml. The retail price is $131.61.
,Zacapa XO,Dark rum,64.39,700,Zacapa XO is the name of a brand of dark rum distributed by . Bottles have a volume of 700 ml. The retail price is $64.39.
Galatea Spirits AB,Brave Navigator,Flavored rum,11.72,700,Brave Navigator is the name of a brand of Flavored rum distributed by Galatea Spirits AB. Bottles have a volume of 700 ml. The retail price is $11.72.
Matusalem,Matusalem Platino,Light rum,15.5,700,Matusalem Platino is the name of a brand of light rum distributed by Matusalem. Bottles have a volume of 700 ml. The retail price is $15.5.
Wray & Nephew,Appleton Estate Rare Blend 12 Years,Dark rum,22.72,700,Appleton Estate Rare Blend 12 Years is the name of a brand of dark rum distributed by Wray & Nephew. Bottles have a volume of 700 ml. The retail price is $22.72.
Alcoholes y Rones de Panama,Ron de Jeremy Reserva,Dark rum,22.17,700,Ron de Jeremy Reserva is the name of a brand of dark rum distributed by Alcoholes y Rones de Panama. Bottles have a volume of 700 ml. The retail price is $22.17.
Pusser's Rum Company,Pusser's Rum British Navy,Dark rum,27.67,700,Pusser's Rum British Navy is the name of a brand of dark rum distributed by Pusser's Rum Company. Bottles have a volume of 700 ml. The retail price is $27.67.
Brugal & Co,Brugal Especial Extra Dry,Light rum,14.94,700,Brugal Especial Extra Dry is the name of a brand of light rum distributed by Brugal & Co. Bottles have a volume of 700 ml. The retail price is $14.94.
JLF Agropecuária Ltda,Magnifica Tradicional,Light rum,27.5,700,Magnifica Tradicional is the name of a brand of light rum distributed by JLF Agropecuária Ltda. Bottles have a volume of 700 ml. The retail price is $27.5.
JLF Agropecuária Ltda,Magnifica Reserva Soleira,Light rum,42.22,700,Magnifica Reserva Soleira is the name of a brand of light rum distributed by JLF Agropecuária Ltda. Bottles have a volume of 700 ml. The retail price is $42.22.
JLF Agropecuária Ltda,Magnifica Envelhecida,Light rum,29.61,700,Magnifica Envelhecida is the name of a brand of light rum distributed by JLF Agropecuária Ltda. Bottles have a volume of 700 ml. The retail price is $29.61.
Oliver & Oliver,Ron Quorhum Solera XO QRM,Dark rum,22.17,500,Ron Quorhum Solera XO QRM is the name of a brand of dark rum distributed by Oliver & Oliver. Bottles have a volume of 500 ml. The retail price is $22.17.
Destilerías Unidas,Hacienda Saruro Licor de Ron Anejo,Flavored rum,27.89,700,Hacienda Saruro Licor de Ron Anejo is the name of a brand of Flavored rum distributed by Destilerías Unidas. Bottles have a volume of 700 ml. The retail price is $27.89.
Kraken,The Kraken,Spiced rum,17.72,700,The Kraken is the name of a brand of spiced rum distributed by Kraken. Bottles have a volume of 700 ml. The retail price is $17.72.
Angostura,Angostura 7 Years Old,Dark rum,20.33,700,Angostura 7 Years Old is the name of a brand of dark rum distributed by Angostura. Bottles have a volume of 700 ml. The retail price is $20.33.
Angostura,Angostura 5 Years Old,Dark rum,18.44,700,Angostura 5 Years Old is the name of a brand of dark rum distributed by Angostura. Bottles have a volume of 700 ml. The retail price is $18.44.
Angostura,Angostura Reserva,Light rum,15.61,700,Angostura Reserva is the name of a brand of light rum distributed by Angostura. Bottles have a volume of 700 ml. The retail price is $15.61.
Bardinet,Negrita White Rum,Light rum,12.5,700,Negrita White Rum is the name of a brand of light rum distributed by Bardinet. Bottles have a volume of 700 ml. The retail price is $12.5.
Captain Morgan,Captain Morgan Spiced Gold,Spiced rum,8.33,350,Captain Morgan Spiced Gold is the name of a brand of spiced rum distributed by Captain Morgan. Bottles have a volume of 350 ml. The retail price is $8.33.
Williams & Humbert,Dos Maderas PX 5+5,Dark rum,25.5,700,Dos Maderas PX 5+5 is the name of a brand of dark rum distributed by Williams & Humbert. Bottles have a volume of 700 ml. The retail price is $25.5.
Zuidam Distillers BV,Flying Dutchman Rum,Light rum,27.11,700,Flying Dutchman Rum is the name of a brand of light rum distributed by Zuidam Distillers BV. Bottles have a volume of 700 ml. The retail price is $27.11.
,Atlantico Platino,Light rum,20.5,700,Atlantico Platino is the name of a brand of light rum distributed by . Bottles have a volume of 700 ml. The retail price is $20.5.
Cognac Ferrand,Plantation 3 Stars White Rum,Light rum,14.94,700,Plantation 3 Stars White Rum is the name of a brand of light rum distributed by Cognac Ferrand. Bottles have a volume of 700 ml. The retail price is $14.94.
Industria Licorera Quezalteca,Botran Solera 1893 Gran Reserva Añejo,Dark rum,24.39,700,Botran Solera 1893 Gran Reserva Añejo is the name of a brand of dark rum distributed by Industria Licorera Quezalteca. Bottles have a volume of 700 ml. The retail price is $24.39.
Bodegas de America,Zafra 30 Years,Dark rum,141.61,700,Zafra 30 Years is the name of a brand of dark rum distributed by Bodegas de America. Bottles have a volume of 700 ml. The retail price is $141.61.
The Bitter Truth,The Bitter Truth Golden Falernum,Flavored rum,18.22,500,The Bitter Truth Golden Falernum is the name of a brand of Flavored rum distributed by The Bitter Truth. Bottles have a volume of 500 ml. The retail price is $18.22.
Demerara Distillers,El Dorado 15 Years,Dark rum,29.39,700,El Dorado 15 Years is the name of a brand of dark rum distributed by Demerara Distillers. Bottles have a volume of 700 ml. The retail price is $29.39.
Diageo Plc,Captain Morgan Black Spiced,Spiced rum,15.5,700,Captain Morgan Black Spiced is the name of a brand of spiced rum distributed by Diageo Plc. Bottles have a volume of 700 ml. The retail price is $15.5.
Oliver & Oliver,Cubaney Centenario,Dark rum,82.78,700,Cubaney Centenario is the name of a brand of dark rum distributed by Oliver & Oliver. Bottles have a volume of 700 ml. The retail price is $82.78.
Brugal & Co,Brugal 1888 Gran Reserva Familiar,Dark rum,30.5,700,Brugal 1888 Gran Reserva Familiar is the name of a brand of dark rum distributed by Brugal & Co. Bottles have a volume of 700 ml. The retail price is $30.5.
Destilerías Unidas,Diplomático Single Vintage,Dark rum,70.5,700,Diplomático Single Vintage is the name of a brand of dark rum distributed by Destilerías Unidas. Bottles have a volume of 700 ml. The retail price is $70.5.
Casa D'aristi,Ron Caribe Silver Premium,Light rum,16.61,700,Ron Caribe Silver Premium is the name of a brand of light rum distributed by Casa D'aristi. Bottles have a volume of 700 ml. The retail price is $16.61.
Casa D'aristi,Ron Caribe Añejo Superior 5 Años,Dark rum,22.17,700,Ron Caribe Añejo Superior 5 Años is the name of a brand of dark rum distributed by Casa D'aristi. Bottles have a volume of 700 ml. The retail price is $22.17.
Bodegas Esfer,Origenes Reserva Especial 18 Years,Dark rum,41.61,700,Origenes Reserva Especial 18 Years is the name of a brand of dark rum distributed by Bodegas Esfer. Bottles have a volume of 700 ml. The retail price is $41.61.
AB No1 Brands,No.1 Super Premium Light Rum,Light rum,14.94,700,No.1 Super Premium Light Rum is the name of a brand of light rum distributed by AB No1 Brands. Bottles have a volume of 700 ml. The retail price is $14.94.
Kikusui Shuzo Co.Ltd,Ryoma Japanese Rum Oak Cask 7 Years,Dark rum,44.28,700,Ryoma Japanese Rum Oak Cask 7 Years is the name of a brand of dark rum distributed by Kikusui Shuzo Co.Ltd. Bottles have a volume of 700 ml. The retail price is $44.28.
Don Papa Rum,Don Papa Rum,Dark rum,22.17,700,Don Papa Rum is the name of a brand of dark rum distributed by Don Papa Rum. Bottles have a volume of 700 ml. The retail price is $22.17.
Galatea Spirits AB,Olokun Rum,Light rum,13.28,700,Olokun Rum is the name of a brand of light rum distributed by Galatea Spirits AB. Bottles have a volume of 700 ml. The retail price is $13.28.
Engarrafemento Pitú,Pitú Cachaça Do Brasil,Light rum,16.39,700,Pitú Cachaça Do Brasil is the name of a brand of light rum distributed by Engarrafemento Pitú. Bottles have a volume of 700 ml. The retail price is $16.39.
Wray & Nephew,Wray & Nephew White Overproof Rum,Light rum,26.06,700,Wray & Nephew White Overproof Rum is the name of a brand of light rum distributed by Wray & Nephew. Bottles have a volume of 700 ml. The retail price is $26.06.
The 86 Company,Cana Brava Rum,Light rum,19.39,700,Cana Brava Rum is the name of a brand of light rum distributed by The 86 Company. Bottles have a volume of 700 ml. The retail price is $19.39.
Havana Club International,Havana Club Añejo 3 años,Light rum,7.5,350,Havana Club Añejo 3 años is the name of a brand of light rum distributed by Havana Club International. Bottles have a volume of 350 ml. The retail price is $7.5.
Zuidam Distillers BV,Flying Dutchman Dark Rum No 3,Dark rum,29.94,700,Flying Dutchman Dark Rum No 3 is the name of a brand of dark rum distributed by Zuidam Distillers BV. Bottles have a volume of 700 ml. The retail price is $29.94.
Ron Cartavio,Ron Cartavio XO,Dark rum,61.06,700,Ron Cartavio XO is the name of a brand of dark rum distributed by Ron Cartavio. Bottles have a volume of 700 ml. The retail price is $61.06.
Ron Cartavio,Ron Cartavio Solera 12 Anõs,Dark rum,33.28,700,Ron Cartavio Solera 12 Anõs is the name of a brand of dark rum distributed by Ron Cartavio. Bottles have a volume of 700 ml. The retail price is $33.28.
Domaine du Marquisat de Saint-Marie,Karukera Rhum Vieux Agricole Reserve Speciale,Dark rum,43.89,700,Karukera Rhum Vieux Agricole Reserve Speciale is the name of a brand of dark rum distributed by Domaine du Marquisat de Saint-Marie. Bottles have a volume of 700 ml. The retail price is $43.89.
The Rusty Dogg Rum Company,Rusty Dogg Caribbean Spiced,Spiced rum,9.89,700,Rusty Dogg Caribbean Spiced is the name of a brand of spiced rum distributed by The Rusty Dogg Rum Company. Bottles have a volume of 700 ml. The retail price is $9.89.
Götene Vin & Spritfabrik AB,Sweden Rock Spirits XO 15 Years,Dark rum,27.72,700,Sweden Rock Spirits XO 15 Years is the name of a brand of dark rum distributed by Götene Vin & Spritfabrik AB. Bottles have a volume of 700 ml. The retail price is $27.72.
Destilerías Unidas,Diplomático Reserva Exclusiva,Dark rum,14.72,350,Diplomático Reserva Exclusiva is the name of a brand of dark rum distributed by Destilerías Unidas. Bottles have a volume of 350 ml. The retail price is $14.72.
1423,Ron Esclavo Solera 12 Years,Dark rum,27.72,700,Ron Esclavo Solera 12 Years is the name of a brand of dark rum distributed by 1423. Bottles have a volume of 700 ml. The retail price is $27.72.
Alcoholes y Rones de Panama,Origenes Reserva 8 Years,Dark rum,24.94,700,Origenes Reserva 8 Years is the name of a brand of dark rum distributed by Alcoholes y Rones de Panama. Bottles have a volume of 700 ml. The retail price is $24.94.
Bacardi,Bacardi Carta Negra,Dark rum,14.39,700,Bacardi Carta Negra is the name of a brand of dark rum distributed by Bacardi. Bottles have a volume of 700 ml. The retail price is $14.39.
Elixir Distillers,Black Tot 40 Years,Dark rum,845.61,700,Black Tot 40 Years is the name of a brand of dark rum distributed by Elixir Distillers. Bottles have a volume of 700 ml. The retail price is $845.61.
Speciality Drinks,Black Tot Royal Naval Rum,Dark rum,388.28,700,Black Tot Royal Naval Rum is the name of a brand of dark rum distributed by Speciality Drinks. Bottles have a volume of 700 ml. The retail price is $388.28.
Bruichladdich,Mount Gay Original Series Duo pack,Dark rum,49.94,700,Mount Gay Original Series Duo pack is the name of a brand of dark rum distributed by Bruichladdich. Bottles have a volume of 700 ml. The retail price is $49.94.
Mount Gay,Mount Gay Black Barrel,Dark rum,21.33,700,Mount Gay Black Barrel is the name of a brand of dark rum distributed by Mount Gay. Bottles have a volume of 700 ml. The retail price is $21.33.
Auld Rare Whisky Sweden,Auld Rare Ron Bourbon Cask 6276607 15 Years,Dark rum,35.33,500,Auld Rare Ron Bourbon Cask 6276607 15 Years is the name of a brand of dark rum distributed by Auld Rare Whisky Sweden. Bottles have a volume of 500 ml. The retail price is $35.33.
Bacardi,Bacardi Carta Fuego,Flavored rum,14.39,700,Bacardi Carta Fuego is the name of a brand of Flavored rum distributed by Bacardi. Bottles have a volume of 700 ml. The retail price is $14.39.
Amrut Distilleries,Amrut Two Indies Rum,Dark rum,26.56,700,Amrut Two Indies Rum is the name of a brand of dark rum distributed by Amrut Distilleries. Bottles have a volume of 700 ml. The retail price is $26.56.
Castlebrands Group,Goslings Black Seal,Dark rum,16.06,700,Goslings Black Seal is the name of a brand of dark rum distributed by Castlebrands Group. Bottles have a volume of 700 ml. The retail price is $16.06.
Oliver & Oliver,Ron Esclavo Solera XO,Dark rum,41.61,700,Ron Esclavo Solera XO is the name of a brand of dark rum distributed by Oliver & Oliver. Bottles have a volume of 700 ml. The retail price is $41.61.
Oliver & Oliver,Ron Esclavo Solera 15 Years,Dark rum,33.28,700,Ron Esclavo Solera 15 Years is the name of a brand of dark rum distributed by Oliver & Oliver. Bottles have a volume of 700 ml. The retail price is $33.28.
Berry Bros & Rudd,Diamond Rum Berry's Own Selection 15 Years,Dark rum,57.89,700,Diamond Rum Berry's Own Selection 15 Years is the name of a brand of dark rum distributed by Berry Bros & Rudd. Bottles have a volume of 700 ml. The retail price is $57.89.
Cognac Ferrand,Plantation Panama,Dark rum,23.28,700,Plantation Panama is the name of a brand of dark rum distributed by Cognac Ferrand. Bottles have a volume of 700 ml. The retail price is $23.28.
Toorank Distillery,Ron De Jeremy Spiced,Spiced rum,18.22,700,Ron De Jeremy Spiced is the name of a brand of spiced rum distributed by Toorank Distillery. Bottles have a volume of 700 ml. The retail price is $18.22.
W.W.T,Old Distiller Añejo Superior 5 Años,Dark rum,28.61,700,Old Distiller Añejo Superior 5 Años is the name of a brand of dark rum distributed by W.W.T. Bottles have a volume of 700 ml. The retail price is $28.61.
The Ultmate Whisky Company,The Ultimate Finest Selection,Light rum,31.56,700,The Ultimate Finest Selection is the name of a brand of light rum distributed by The Ultmate Whisky Company. Bottles have a volume of 700 ml. The retail price is $31.56.
R L Seale & Company Ltd,Doorly's 6 Years,Dark rum,10.11,350,Doorly's 6 Years is the name of a brand of dark rum distributed by R L Seale & Company Ltd. Bottles have a volume of 350 ml. The retail price is $10.11.
Hazienda Coloma,Coloma 8 Years,Dark rum,26.06,700,Coloma 8 Years is the name of a brand of dark rum distributed by Hazienda Coloma. Bottles have a volume of 700 ml. The retail price is $26.06.
Emperor,Emperor Sherry Cask,Dark rum,29.39,700,Emperor Sherry Cask is the name of a brand of dark rum distributed by Emperor. Bottles have a volume of 700 ml. The retail price is $29.39.
Emperor,Emperor Heritage Mauritian rum,Dark rum,27.72,700,Emperor Heritage Mauritian rum is the name of a brand of dark rum distributed by Emperor. Bottles have a volume of 700 ml. The retail price is $27.72.
Captain Morgan,Captain Morgan White Rum,Light rum,13.28,700,Captain Morgan White Rum is the name of a brand of light rum distributed by Captain Morgan. Bottles have a volume of 700 ml. The retail price is $13.28.
One Eyed Spirits,Ron de Jeremy XO 15 Years,Dark rum,32.17,700,Ron de Jeremy XO 15 Years is the name of a brand of dark rum distributed by One Eyed Spirits. Bottles have a volume of 700 ml. The retail price is $32.17.
Altia Sweden AB,Barracuda Rum Silver,Light rum,13.28,700,Barracuda Rum Silver is the name of a brand of light rum distributed by Altia Sweden AB. Bottles have a volume of 700 ml. The retail price is $13.28.
Altia Sweden AB,Barracuda Rum Silver,Light rum,7.17,350,Barracuda Rum Silver is the name of a brand of light rum distributed by Altia Sweden AB. Bottles have a volume of 350 ml. The retail price is $7.17.
Global Premium Brands,Capucana Cachaça,Light rum,26.06,700,Capucana Cachaça is the name of a brand of light rum distributed by Global Premium Brands. Bottles have a volume of 700 ml. The retail price is $26.06.
